{
  "56d62bc5-9455-4be6-8566-50aba9521bed": {
    "assetUuid": "56d62bc5-9455-4be6-8566-50aba9521bed",
    "animationUuid": "",
    "expandLevels": [
      "0",
      "0_0",
      "0_0_0",
      "0_0_1",
      "0_0_2",
      "0_0_2_2",
      "0_0_2_3",
      "0_0_2_4"
    ]
  },
  "7c8e09d6-c615-41a7-8eb9-938cd13eb627": {
    "assetUuid": "7c8e09d6-c615-41a7-8eb9-938cd13eb627",
    "animationUuid": "",
    "expandLevels": [
      "0"
    ]
  },
  "6e940632-d568-4b9a-845a-acbaede76dd9": {
    "assetUuid": "6e940632-d568-4b9a-845a-acbaede76dd9",
    "animationUuid": "",
    "expandLevels": [
      "0"
    ]
  }
}
