{
  "__type__": "cc.SpriteFrame",
  "content": {
    "name": "monter archer_2024-08-09",
    "atlas": "",
    "rect": {
      "x": 2,
      "y": 2,
      "width": 2021,
      "height": 1908
    },
    "offset": {
      "x": 0,
      "y": 0
    },
    "originalSize": {
      "width": 2025,
      "height": 1912
    },
    "rotated": false,
    "capInsets": [
      0,
      0,
      0,
      0
    ],
    "vertices": {
      "rawPosition": [
        -1010.5,
        -954,
        0,
        1010.5,
        -954,
        0,
        -1010.5,
        954,
        0,
        1010.5,
        954,
        0
      ],
      "indexes": [
        0,
        1,
        2,
        2,
        1,
        3
      ],
      "uv": [
        2,
        1910,
        2023,
        1910,
        2,
        2,
        2023,
        2
      ],
      "nuv": [
        0.0009876543209876543,
        0.0010460251046025104,
        0.9990123456790123,
        0.0010460251046025104,
        0.0009876543209876543,
        0.9989539748953975,
        0.9990123456790123,
        0.9989539748953975
      ],
      "minPos": {
        "x": -1010.5,
        "y": -954,
        "z": 0
      },
      "maxPos": {
        "x": 1010.5,
        "y": 954,
        "z": 0
      }
    },
    "texture": "a411b068-cec0-44df-8476-3c7ef2871f78@6c48a",
    "packable": true,
    "pixelsToUnit": 100,
    "pivot": {
      "x": 0.5,
      "y": 0.5
    },
    "meshType": 0
  }
}