{
  "56d62bc5-9455-4be6-8566-50aba9521bed": {
    "url": "db://assets/demo.scene",
    "value": {
      "depends": [
        "56d62bc5-9455-4be6-8566-50aba9521bed",
        "20835ba4-6145-4fbc-a58a-051ce700aa3e@f9941",
        "544e49d6-3f05-4fa8-9a9e-091f98fc2ce8@f9941",
        "951249e0-9f16-456d-8b85-a6ca954da16b@f9941",
        "6429cfa3-0c2a-4585-bee9-edbe0dee9d59"
      ],
      "dependScripts": [
        "af3a89ec-709a-4234-9cb9-aec3e6f46202",
        "667cc28b-65a4-4579-a4c7-11f01cfd97d8",
        "7895e467-a655-42fb-bdf9-6dae141c0e15"
      ]
    },
    "versionCode": 1
  },
  "da3faa99-f83a-4e23-a493-65f0d8c39439": {
    "url": "db://assets/monter",
    "value": {},
    "versionCode": 1
  },
  "2ddb6c3a-c0a2-466b-b605-37c8829c0004": {
    "url": "db://assets/monter/monter archer_2024-08-09.atlas",
    "value": {
      "depends": []
    },
    "versionCode": 1
  },
  "6429cfa3-0c2a-4585-bee9-edbe0dee9d59": {
    "url": "db://assets/monter/monter archer_2024-08-09.json",
    "value": {
      "depends": [
        "a411b068-cec0-44df-8476-3c7ef2871f78@6c48a",
        "d79746ea-8a1e-48f2-add3-7185347ff8e4@6c48a"
      ]
    },
    "versionCode": 1
  },
  "d79746ea-8a1e-48f2-add3-7185347ff8e4": {
    "url": "db://assets/monter/monter archer_2024-08-092.png",
    "value": {
      "depends": []
    },
    "versionCode": 1
  },
  "d79746ea-8a1e-48f2-add3-7185347ff8e4@6c48a": {
    "url": "db://assets/monter/monter archer_2024-08-092.png@6c48a",
    "value": {
      "depends": [
        "d79746ea-8a1e-48f2-add3-7185347ff8e4"
      ]
    },
    "versionCode": 1
  },
  "a411b068-cec0-44df-8476-3c7ef2871f78": {
    "url": "db://assets/monter/monter archer_2024-08-09.png",
    "value": {
      "depends": []
    },
    "versionCode": 1
  },
  "d79746ea-8a1e-48f2-add3-7185347ff8e4@f9941": {
    "url": "db://assets/monter/monter archer_2024-08-092.png@f9941",
    "value": {
      "depends": [
        "d79746ea-8a1e-48f2-add3-7185347ff8e4@6c48a"
      ]
    },
    "versionCode": 1
  },
  "a411b068-cec0-44df-8476-3c7ef2871f78@6c48a": {
    "url": "db://assets/monter/monter archer_2024-08-09.png@6c48a",
    "value": {
      "depends": [
        "a411b068-cec0-44df-8476-3c7ef2871f78"
      ]
    },
    "versionCode": 1
  },
  "a411b068-cec0-44df-8476-3c7ef2871f78@f9941": {
    "url": "db://assets/monter/monter archer_2024-08-09.png@f9941",
    "value": {
      "depends": [
        "a411b068-cec0-44df-8476-3c7ef2871f78@6c48a"
      ]
    },
    "versionCode": 1
  },
  "ce77d949-beea-47b2-be7f-7738b68973f4": {
    "url": "db://assets/MonterController",
    "value": {},
    "versionCode": 1
  },
  "667cc28b-65a4-4579-a4c7-11f01cfd97d8": {
    "url": "db://assets/scripts/MonterController.ts",
    "value": {},
    "versionCode": 1
  },
  "faec82ef-ac45-4f5f-a2a2-090d0f511fcb": {
    "url": "db://assets/scripts",
    "value": {},
    "versionCode": 1
  },
  "c5f381da-2439-4da4-92d9-84e3b32c55d9": {
    "url": "db://assets/nezha",
    "value": {},
    "versionCode": 1
  },
  "7e0a5ed2-d634-451b-817e-efc32f0810bc": {
    "url": "db://assets/nezha/nezha_tex.json",
    "value": {},
    "versionCode": 1
  },
  "905010f7-e7bc-4c9c-905c-27d175d7cd2a": {
    "url": "db://assets/nezha/nezha_ske.json",
    "value": {},
    "versionCode": 1
  },
  "911446b1-e9bc-4e60-9cae-5c60c8cc914c": {
    "url": "db://assets/nezha/nezha_tex.png",
    "value": {},
    "versionCode": 1
  },
  "911446b1-e9bc-4e60-9cae-5c60c8cc914c@6c48a": {
    "url": "db://assets/nezha/nezha_tex.png@6c48a",
    "value": {
      "depends": [
        "911446b1-e9bc-4e60-9cae-5c60c8cc914c"
      ]
    },
    "versionCode": 1
  },
  "911446b1-e9bc-4e60-9cae-5c60c8cc914c@f9941": {
    "url": "db://assets/nezha/nezha_tex.png@f9941",
    "value": {
      "depends": [
        "911446b1-e9bc-4e60-9cae-5c60c8cc914c@6c48a"
      ]
    },
    "versionCode": 1
  },
  "af3aadbf-d48c-4fd0-a0e2-c6bf151989d2": {
    "url": "db://assets/scripts/NezhaController.ts",
    "value": {},
    "versionCode": 1
  },
  "af3a89ec-709a-4234-9cb9-aec3e6f46202": {
    "url": "db://assets/scripts/ButtonFullscreenController.ts",
    "value": {},
    "versionCode": 1
  },
  "957f82d7-3d2f-4117-8859-ac2ce3a97b62": {
    "url": "db://assets/scripts/HomeController.ts",
    "value": {},
    "versionCode": 1
  },
  "149abaf2-223e-45dd-bca7-9f432abef7cd": {
    "url": "db://assets/scripts/folder",
    "value": {},
    "versionCode": 1
  },
  "7895e467-a655-42fb-bdf9-6dae141c0e15": {
    "url": "db://assets/scripts/HomeController.ts",
    "value": {},
    "versionCode": 1
  }
}
