{
  "version": "1.0.0",
  "map": {
    "C:\\Users\\User\\Desktop\\cocos_project\\skeleton_animation\\spine_animation\\assets\\demo.scene.meta": {
      "time": 1728437595858.6936
    },
    "C:\\Users\\User\\Desktop\\cocos_project\\skeleton_animation\\spine_animation\\assets\\demo.scene": {
      "time": 1728463024050.6592,
      "uuid": "56d62bc5-9455-4be6-8566-50aba9521bed"
    },
    "C:\\Users\\User\\Desktop\\cocos_project\\skeleton_animation\\spine_animation\\assets\\monter.meta": {
      "time": 1728437619874.2786
    },
    "C:\\Users\\User\\Desktop\\cocos_project\\skeleton_animation\\spine_animation\\assets\\monter": {
      "time": 1728437623991.8518,
      "uuid": "da3faa99-f83a-4e23-a493-65f0d8c39439"
    },
    "C:\\Users\\User\\Desktop\\cocos_project\\skeleton_animation\\spine_animation\\assets\\monter\\monter archer_2024-08-09.atlas.meta": {
      "time": 1728274141879.0298
    },
    "C:\\Users\\User\\Desktop\\cocos_project\\skeleton_animation\\spine_animation\\assets\\monter\\monter archer_2024-08-09.json.meta": {
      "time": 1728274141914.1108
    },
    "C:\\Users\\User\\Desktop\\cocos_project\\skeleton_animation\\spine_animation\\assets\\monter\\monter archer_2024-08-092.png.meta": {
      "time": 1728437624221.3967
    },
    "C:\\Users\\User\\Desktop\\cocos_project\\skeleton_animation\\spine_animation\\assets\\monter\\monter archer_2024-08-09.png.meta": {
      "time": 1728437624480.452
    },
    "C:\\Users\\User\\Desktop\\cocos_project\\skeleton_animation\\spine_animation\\assets\\monter\\monter archer_2024-08-09.atlas": {
      "time": 1728274141862.3945,
      "uuid": "2ddb6c3a-c0a2-466b-b605-37c8829c0004"
    },
    "C:\\Users\\User\\Desktop\\cocos_project\\skeleton_animation\\spine_animation\\assets\\monter\\monter archer_2024-08-09.json": {
      "time": 1728274141897.102,
      "uuid": "6429cfa3-0c2a-4585-bee9-edbe0dee9d59"
    },
    "C:\\Users\\User\\Desktop\\cocos_project\\skeleton_animation\\spine_animation\\assets\\monter\\monter archer_2024-08-092.png": {
      "time": 1728274141989.1707,
      "uuid": "d79746ea-8a1e-48f2-add3-7185347ff8e4"
    },
    "C:\\Users\\User\\Desktop\\cocos_project\\skeleton_animation\\spine_animation\\assets\\monter\\monter archer_2024-08-09.png": {
      "time": 1728274141948.5386,
      "uuid": "a411b068-cec0-44df-8476-3c7ef2871f78"
    },
    "C:\\Users\\User\\Desktop\\cocos_project\\skeleton_animation\\spine_animation\\assets\\scripts.meta": {
      "time": 1728437642823.939
    },
    "C:\\Users\\User\\Desktop\\cocos_project\\skeleton_animation\\spine_animation\\assets\\scripts": {
      "time": 1728448523607.3186,
      "uuid": "faec82ef-ac45-4f5f-a2a2-090d0f511fcb"
    },
    "C:\\Users\\User\\Desktop\\cocos_project\\skeleton_animation\\spine_animation\\assets\\scripts\\MonterController.ts.meta": {
      "time": 1728437642824.9392
    },
    "C:\\Users\\User\\Desktop\\cocos_project\\skeleton_animation\\spine_animation\\assets\\scripts\\MonterController.ts": {
      "time": 1728456019919.5647,
      "uuid": "667cc28b-65a4-4579-a4c7-11f01cfd97d8"
    },
    "C:\\Users\\User\\Desktop\\cocos_project\\skeleton_animation\\spine_animation\\assets\\scripts\\HomeController.ts.meta": {
      "time": 1728447655576.1025
    },
    "C:\\Users\\User\\Desktop\\cocos_project\\skeleton_animation\\spine_animation\\assets\\scripts\\HomeController.ts": {
      "time": 1728463009801.8706,
      "uuid": "7895e467-a655-42fb-bdf9-6dae141c0e15"
    },
    "C:\\Users\\User\\Desktop\\cocos_project\\skeleton_animation\\spine_animation\\assets\\scripts\\ButtonFullscreenController.ts.meta": {
      "time": 1728446728508.6367
    },
    "C:\\Users\\User\\Desktop\\cocos_project\\skeleton_animation\\spine_animation\\assets\\scripts\\ButtonFullscreenController.ts": {
      "time": 1728462916258.3323,
      "uuid": "af3a89ec-709a-4234-9cb9-aec3e6f46202"
    }
  },
  "missing": {
    "ce77d949-beea-47b2-be7f-7738b68973f4": {
      "path": "C:\\Users\\User\\Desktop\\cocos_project\\skeleton_animation\\spine_animation\\assets\\MonterController",
      "time": 1728437634097.8865,
      "removeTime": 1728437658974
    },
    "667cc28b-65a4-4579-a4c7-11f01cfd97d8": {
      "path": "C:\\Users\\User\\Desktop\\cocos_project\\skeleton_animation\\spine_animation\\assets\\scripts\\NewComponent.ts",
      "time": 1728437642818.438,
      "removeTime": 1728437735941
    },
    "c5f381da-2439-4da4-92d9-84e3b32c55d9": {
      "path": "C:\\Users\\User\\Desktop\\cocos_project\\skeleton_animation\\spine_animation\\assets\\nezha",
      "time": 1728438937032.7969,
      "removeTime": 1728439519789
    },
    "7e0a5ed2-d634-451b-817e-efc32f0810bc": {
      "path": "C:\\Users\\User\\Desktop\\cocos_project\\skeleton_animation\\spine_animation\\assets\\nezha\\nezha_tex.json",
      "time": 1728265541910.1138,
      "removeTime": 1728439519789
    },
    "905010f7-e7bc-4c9c-905c-27d175d7cd2a": {
      "path": "C:\\Users\\User\\Desktop\\cocos_project\\skeleton_animation\\spine_animation\\assets\\nezha\\nezha_ske.json",
      "time": 1728265541862.7676,
      "removeTime": 1728439519790
    },
    "911446b1-e9bc-4e60-9cae-5c60c8cc914c": {
      "path": "C:\\Users\\User\\Desktop\\cocos_project\\skeleton_animation\\spine_animation\\assets\\nezha\\nezha_tex.png",
      "time": 1728265541941.814,
      "removeTime": 1728439519790
    },
    "af3aadbf-d48c-4fd0-a0e2-c6bf151989d2": {
      "path": "C:\\Users\\User\\Desktop\\cocos_project\\skeleton_animation\\spine_animation\\assets\\scripts\\NezhaController.ts",
      "time": 1728439420391.412,
      "removeTime": 1728439522275
    },
    "af3a89ec-709a-4234-9cb9-aec3e6f46202": {
      "path": "C:\\Users\\User\\Desktop\\cocos_project\\skeleton_animation\\spine_animation\\assets\\scripts\\ToggleController.ts",
      "time": 1728448305877.8318,
      "removeTime": 1728448523608
    },
    "957f82d7-3d2f-4117-8859-ac2ce3a97b62": {
      "path": "C:\\Users\\User\\Desktop\\cocos_project\\skeleton_animation\\spine_animation\\assets\\scripts\\HomeController.ts",
      "time": 1728446913469.448,
      "removeTime": 1728446933518
    },
    "149abaf2-223e-45dd-bca7-9f432abef7cd": {
      "path": "C:\\Users\\User\\Desktop\\cocos_project\\skeleton_animation\\spine_animation\\assets\\scripts\\folder",
      "time": 1728447635163.8606,
      "removeTime": 1728447639444
    }
  }
}
