{
  "__type__": "cc.SpriteFrame",
  "content": {
    "name": "monter archer_2024-08-092",
    "atlas": "",
    "rect": {
      "x": 2,
      "y": 2,
      "width": 1548,
      "height": 1522
    },
    "offset": {
      "x": 0,
      "y": 0
    },
    "originalSize": {
      "width": 1552,
      "height": 1526
    },
    "rotated": false,
    "capInsets": [
      0,
      0,
      0,
      0
    ],
    "vertices": {
      "rawPosition": [
        -774,
        -761,
        0,
        774,
        -761,
        0,
        -774,
        761,
        0,
        774,
        761,
        0
      ],
      "indexes": [
        0,
        1,
        2,
        2,
        1,
        3
      ],
      "uv": [
        2,
        1524,
        1550,
        1524,
        2,
        2,
        1550,
        2
      ],
      "nuv": [
        0.001288659793814433,
        0.001310615989515072,
        0.9987113402061856,
        0.001310615989515072,
        0.001288659793814433,
        0.9986893840104849,
        0.9987113402061856,
        0.9986893840104849
      ],
      "minPos": {
        "x": -774,
        "y": -761,
        "z": 0
      },
      "maxPos": {
        "x": 774,
        "y": 761,
        "z": 0
      }
    },
    "texture": "d79746ea-8a1e-48f2-add3-7185347ff8e4@6c48a",
    "packable": true,
    "pixelsToUnit": 100,
    "pivot": {
      "x": 0.5,
      "y": 0.5
    },
    "meshType": 0
  }
}