{"skeleton":{"hash":"QSEo8jmohinUKJqCwME2BzxhpOo","spine":"3.8.75","x":-745.72,"y":-73.97,"width":2257.01,"height":1556.01,"images":"./images/","audio":"D:/Dung/bossa1"},"bones":[{"name":"root"},{"name":"bone","parent":"root","x":-0.07,"y":-237.73},{"name":"bone2","parent":"bone","x":726.74,"y":976.95},{"name":"bone3","parent":"bone2","x":-525.21,"y":92.39,"color":"faff67ff"},{"name":"than","parent":"bone3","length":394.27,"rotation":-26.15,"x":-0.59,"y":1.26},{"name":"than2","parent":"than","length":371,"rotation":-156.44,"x":1.11,"y":-1.22},{"name":"than3","parent":"than","length":100.62,"rotation":-10.72,"x":517.54,"y":-35.95},{"name":"than4","parent":"than3","length":109.62,"rotation":7.56,"x":100.62},{"name":"than5","parent":"than4","length":106.82,"rotation":7.17,"x":109.62},{"name":"than6","parent":"than5","length":160.76,"rotation":2,"x":106.82},{"name":"than7","parent":"than6","length":164.8,"rotation":7.8,"x":160.76},{"name":"dau","parent":"than2","length":157.92,"rotation":1.97,"x":432.7,"y":-3.79,"transform":"noScale"},{"name":"eyes_closed_r","parent":"dau","x":211.2,"y":-58.86},{"name":"eyes_closed_r2","parent":"dau","x":293.83,"y":-5.33},{"name":"eyes_closed_l","parent":"dau","x":446.6,"y":-0.29},{"name":"eyes_closed_l2","parent":"dau","x":487.94,"y":-54.19},{"name":"bone4","parent":"than2","rotation":-177.41,"x":277.18,"y":-94.09,"transform":"noScale","color":"fbff8eff"},{"name":"tay R4","parent":"bone4","length":268.65,"rotation":-93.7,"x":0.01,"y":-0.14},{"name":"tay R5","parent":"tay R4","length":352.17,"rotation":-6.37,"x":268.65},{"name":"tay R2","parent":"tay R5","length":383.99,"rotation":-40.97,"x":352.21,"y":0.35},{"name":"bone5","parent":"than2","rotation":-177.41,"x":-1.72,"y":-104.32,"transform":"noScale","color":"fbff8eff"},{"name":"tay L","parent":"bone5","length":309.89,"rotation":-93.74,"x":-0.02,"y":-0.11},{"name":"tay L4","parent":"tay L","length":296.69,"rotation":-12.6,"x":309.89},{"name":"tay L2","parent":"tay L4","length":383.99,"rotation":-26.87,"x":296.6,"y":0.01},{"name":"tay L3","parent":"bone","length":166.8,"rotation":-165.26,"x":-159.61,"y":299.04,"color":"ff3f00ff"},{"name":"chan R","parent":"than","length":424.29,"rotation":-95.49,"x":109.97,"y":-255.04},{"name":"chan R2","parent":"chan R","length":296.47,"rotation":132.62,"x":424.29},{"name":"chan R3","parent":"bone","length":239.07,"rotation":-111.42,"x":255.75,"y":488.46,"color":"ff3f00ff"},{"name":"chan L","parent":"than","length":414.43,"rotation":-88.51,"x":368.43,"y":-130.07},{"name":"chan L2","parent":"chan L","length":274.88,"rotation":128.35,"x":414.43},{"name":"chan L3","parent":"bone","length":206.95,"rotation":-106.34,"x":570.22,"y":479.9,"color":"ff3f00ff"},{"name":"sung L","parent":"than2","x":-31.7,"y":-267.06,"transform":"noScale"},{"name":"than8","parent":"sung L","length":217.45,"rotation":-5.54,"x":-254.96,"y":-190.47},{"name":"sung R","parent":"than2","x":180.64,"y":-282.47,"transform":"noScale"},{"name":"than9","parent":"sung R","length":198.05,"rotation":0.92,"x":-206.36,"y":-201.73},{"name":"dan","parent":"bone2","x":-865.47,"y":542.32,"scaleX":0.01,"scaleY":0.01,"color":"ff5a5aff"},{"name":"tay R3","parent":"bone","length":140.54,"rotation":-159.91,"x":-448.64,"y":318.11,"color":"ff3f00ff"},{"name":"ik_hand","parent":"tay R3","rotation":159.91,"x":-363.52,"y":-125.25,"color":"ff3f00ff"},{"name":"ik_hand_l","parent":"tay L3","rotation":165.26,"x":-326.35,"y":-203.87,"color":"ff3f00ff"},{"name":"fx/P103588/321093122","parent":"root","rotation":14.11,"x":-547.98,"y":43.86,"scaleX":1.4787,"scaleY":1.4787},{"name":"lower_jaw","parent":"than2","length":128.9,"rotation":86.26,"x":428.01,"y":36.21,"transform":"noScale"},{"name":"tooth","parent":"lower_jaw","length":63.5,"rotation":-149.85,"x":158.45,"y":-82.92},{"name":"sau_sung_L","parent":"sung L","x":58.29,"y":-351.89},{"name":"sung L2","parent":"sung L","x":81.96,"y":-105.44},{"name":"sau_sung_R","parent":"than9","x":345.07,"y":-103.5},{"name":"sau_sung_R2","parent":"sau_sung_R","x":-20.95,"y":241.55},{"name":"line8","parent":"than2","rotation":-177.41,"x":257.94,"y":-236.73,"color":"faff67ff"},{"name":"line9","parent":"than2","rotation":-177.41,"x":171.85,"y":-242.69,"color":"faff67ff"},{"name":"line","parent":"than","rotation":26.15,"x":168.59,"y":178.96,"color":"faff67ff"},{"name":"line2","parent":"than","rotation":26.15,"x":321.89,"y":114.37,"color":"faff67ff"},{"name":"line3","parent":"than","rotation":26.15,"x":459.87,"y":58.61,"color":"faff67ff"},{"name":"line4","parent":"than3","rotation":36.87,"x":61.42,"y":57.96,"color":"faff67ff"},{"name":"line5","parent":"than4","rotation":29.31,"x":103.96,"y":29.12,"color":"faff67ff"},{"name":"line7","parent":"than7","rotation":12.34,"x":-1.59,"y":17.71,"color":"faff67ff"},{"name":"line6","parent":"than6","rotation":20.14,"x":29.19,"y":24.92,"color":"faff67ff"}],"slots":[{"name":"fx/P103588/321093122","bone":"fx/P103588/321093122"},{"name":"tay R","bone":"tay R4","attachment":"tay R"},{"name":"chan R","bone":"chan R","attachment":"chan R"},{"name":"sau_sung_R","bone":"sau_sung_R","attachment":"sau_sung_R"},{"name":"sung R","bone":"sung R","attachment":"sung R"},{"name":"than","bone":"than","attachment":"than"},{"name":"dan","bone":"dan","blend":"additive"},{"name":"sau_sung_L","bone":"sau_sung_L","attachment":"sau_sung_L"},{"name":"sung L","bone":"sung L","attachment":"sung L"},{"name":"chan L","bone":"chan L","attachment":"chan L"},{"name":"tay L","bone":"tay L","attachment":"tay L"},{"name":"line9","bone":"line9","color":"ffffff00","attachment":"line","blend":"additive"},{"name":"line8","bone":"line8","color":"ffffff00","attachment":"line","blend":"additive"},{"name":"lower_jaw","bone":"lower_jaw","attachment":"lower_jaw"},{"name":"dau","bone":"dau","attachment":"dau"},{"name":"tooth","bone":"tooth","attachment":"tooth"},{"name":"eyes_closed_r","bone":"eyes_closed_r"},{"name":"eyes_closed_r2","bone":"eyes_closed_r2"},{"name":"eyes_closed_l","bone":"eyes_closed_l"},{"name":"eyes_closed_l2","bone":"eyes_closed_l2"},{"name":"line","bone":"line","color":"ffffff00","attachment":"line","blend":"additive"},{"name":"line2","bone":"line2","color":"ffffff00","attachment":"line","blend":"additive"},{"name":"line3","bone":"line3","color":"ffffff00","attachment":"line","blend":"additive"},{"name":"line4","bone":"line4","color":"ffffff00","attachment":"line","blend":"additive"},{"name":"line5","bone":"line5","color":"ffffff00","attachment":"line","blend":"additive"},{"name":"line6","bone":"line6","color":"ffffff00","attachment":"line","blend":"additive"},{"name":"line7","bone":"line7","color":"ffffff00","attachment":"line","blend":"additive"}],"ik":[{"name":"chan L3","order":1,"bones":["chan L","chan L2"],"target":"chan L3"},{"name":"chan R3","bones":["chan R","chan R2"],"target":"chan R3"},{"name":"ik_hand","order":2,"bones":["tay R4","tay R5"],"target":"ik_hand","bendPositive":false},{"name":"ik_hand_l","order":4,"bones":["tay L","tay L4"],"target":"ik_hand_l","bendPositive":false},{"name":"tay L3","order":5,"bones":["tay L2"],"target":"tay L3"},{"name":"tay R3","order":3,"bones":["tay R2"],"target":"tay R3"}],"skins":[{"name":"default","attachments":{"sau_sung_L":{"sau_sung_L":{"type":"mesh","uvs":[0.10002,0,0.10429,0,0.14528,0.05205,0.15205,0.04791,0.21896,0.06013,0.28592,0.08914,0.3153,0.09759,0.34188,0.10889,0.45994,0.17588,0.55078,0.25354,0.60012,0.29788,0.7399,0.49343,0.79949,0.56636,0.82862,0.60067,0.8991,0.71349,0.9799,0.80457,0.99438,0.83941,1,0.8627,1,0.93968,0.99525,0.96448,0.98857,0.9779,0.97516,0.98999,0.95737,1,0.89359,1,0.68767,0.94221,0.50647,0.88614,0.37126,0.88616,0.36493,0.88876,0.3557,0.88287,0.24949,0.88283,0.0548,0.8364,0.04239,0.85313,0.0293,0.88249,0.0218,0.88353,0.01799,0.87346,0.00854,0.82237,0.00149,0.76502,0.00132,0.54172,0.01078,0.40316,0.02335,0.2817,0.04681,0.13919,0.06893,0.05008,0.08694,0.0144,0.08923,0.00417],"triangles":[29,4,5,29,5,6,29,6,7,28,29,7,29,30,4,8,28,7,8,26,28,8,9,26,25,9,10,25,10,11,9,25,26,27,28,26,17,21,16,24,25,11,24,11,12,21,17,18,15,16,22,19,20,18,15,23,14,21,18,20,14,24,13,15,22,23,24,12,13,14,23,24,16,21,22,30,35,36,36,37,30,4,30,38,30,37,38,31,35,30,34,35,31,32,34,31,33,34,32,42,43,0,0,1,42,2,42,1,41,42,2,40,41,2,2,39,40,39,4,38,2,3,4,39,2,4],"vertices":[1,42,-0.63,-5.75,1,2,42,-3.31,-5.87,0.99986,32,324.65,-136.59,1.4E-4,3,42,-29.79,8.93,0.82975,43,-53.46,-237.52,0.00285,32,296.87,-124.42,0.1674,3,42,-33.98,7.46,0.79128,43,-57.65,-238.99,0.0026,32,292.83,-126.28,0.20612,2,42,-76.2,9.31,0.50506,32,250.63,-128.52,0.49494,2,42,-118.67,16.3,0.2726,32,207.68,-125.66,0.7274,2,42,-137.25,18.06,0.19868,32,189.02,-125.71,0.80132,2,42,-154.12,20.77,0.14666,32,171.97,-124.64,0.85334,2,42,-229.22,37.95,0.02238,32,95.56,-114.78,0.97762,2,42,-287.38,59.19,0.0013,32,35.62,-99.26,0.9987,2,42,-319,71.39,1.0E-5,32,2.97,-90.17,0.99999,1,32,-92.55,-43.18,1,1,32,-132.83,-26.31,1,1,32,-152.46,-18.48,1,1,32,-201.24,9.54,1,1,32,-255.51,30.04,1,1,32,-266.04,39.34,1,1,32,-270.55,45.92,1,1,32,-273.89,69.31,1,1,32,-272.01,77.27,1,1,32,-268.43,81.94,1,1,32,-260.6,86.81,1,1,32,-249.97,91.43,1,1,32,-210.25,97.11,1,1,32,-79.52,97.86,1,2,43,-291.99,8.01,1.9E-4,32,35.75,96.94,0.99981,2,43,-207.03,11.86,0.03278,32,119.94,108.97,0.96722,2,43,-203.09,12.84,0.03655,32,123.77,110.33,0.96345,2,43,-197.21,11.3,0.0437,32,129.77,109.36,0.9563,2,43,-130.47,14.3,0.21149,32,195.9,118.79,0.78851,2,43,-7.49,5.6,0.97993,32,319.15,122,0.02007,2,43,0.08,11.08,0.99882,32,326.15,128.19,0.00118,1,43,7.89,20.46,1,1,43,12.59,20.99,1,2,42,38.79,264.46,1.0E-5,43,15.12,18.01,0.99999,2,42,45.44,249.06,0.00316,43,21.77,2.61,0.99684,3,42,50.67,231.67,0.01758,43,27,-14.78,0.97414,32,355.44,105.05,0.00829,3,42,53.87,163.19,0.19565,43,30.2,-83.26,0.63557,32,365.24,37.2,0.16878,3,42,49.85,120.43,0.38856,43,26.18,-126.02,0.39298,32,365.37,-5.75,0.21846,3,42,43.64,82.82,0.59768,43,19.97,-163.63,0.21493,32,362.82,-43.78,0.1874,3,42,30.87,38.45,0.85284,43,7.2,-208,0.06682,32,354.39,-89.18,0.08034,3,42,18.22,10.49,0.97262,43,-5.45,-235.96,0.0137,32,344.49,-118.23,0.01368,2,42,7.39,-0.96,0.99889,43,-16.28,-247.41,0.00111,2,42,6.09,-4.17,0.99987,43,-17.58,-250.62,1.3E-4],"hull":44,"edges":[0,86,0,2,2,4,4,6,6,8,8,10,10,12,12,14,14,16,16,18,18,20,20,22,22,24,24,26,26,28,28,30,30,32,32,34,34,36,36,38,38,40,40,42,42,44,44,46,46,48,48,50,50,52,52,54,54,56,56,58,58,60,60,62,62,64,64,66,66,68,68,70,70,72,72,74,74,76,76,78,78,80,80,82,82,84,84,86],"width":629,"height":307}},"line5":{"line":{"type":"mesh","color":"2df3ffff","uvs":[1,1,0,1,0,0,1,0],"triangles":[1,2,3,1,3,0],"vertices":[82.63,-44.46,-49.41,-68.56,-59.64,64.76,52.27,92.77],"hull":4,"edges":[0,2,2,4,4,6,0,6],"width":119,"height":149}},"line6":{"line":{"type":"mesh","color":"2df3ffff","uvs":[1,1,0,1,0,0,1,0],"triangles":[1,2,3,1,3,0],"vertices":[85.25,-39.92,-28.04,-64.37,-81.91,44.37,22.29,75.96],"hull":4,"edges":[0,2,2,4,4,6,0,6],"width":119,"height":149}},"line7":{"line":{"type":"mesh","color":"2df3ffff","uvs":[1,1,0,1,0,0,1,0],"triangles":[1,2,3,1,3,0],"vertices":[91.43,-34.14,-36.14,-48.21,-78.97,39.12,21.34,59.67],"hull":4,"edges":[0,2,2,4,4,6,0,6],"width":119,"height":149}},"chan R":{"chan R":{"type":"mesh","uvs":[0.50414,0,0.38324,0.03893,0.23091,0.15867,0.12451,0.2834,0.05681,0.38124,0.03988,0.482,0.00552,0.56738,0,0.64916,0,0.6721,0,0.68718,0,0.70611,0.01465,0.71565,0.02778,0.72421,0.0829,0.76013,0.27634,0.75137,0.48671,0.74553,0.62421,0.70046,0.65597,0.69004,0.54716,0.76598,0.39482,0.79956,0.27392,0.85943,0.23282,0.90762,0.27392,0.97771,0.35855,0.97771,0.419,0.92514,0.42626,0.97625,0.46978,1,0.51814,1,0.59068,0.9339,0.60277,1,0.69466,0.99962,0.76962,0.95727,0.89052,0.93975,0.96064,0.87988,0.95338,0.76744,0.95822,0.61557,0.95966,0.56598,0.96014,0.54942,0.96064,0.53234,0.97263,0.50609,0.98012,0.4897,1,0.44618,0.83007,0.44034,0.69707,0.45864,0.59068,0.50975,0.60948,0.49541,0.72851,0.40461,0.85183,0.28195,0.87842,0.14906,0.86875,0.05415,0.77203,0,0.61486,0,0.16479,0.64421,0.02943,0.69505,0.56233,0.5187,0.83695,0.56526,0.67363,0.67786,0.93912,0.53806],"triangles":[37,57,38,36,57,37,36,55,57,35,55,36,56,17,16,35,56,55,34,56,35,24,19,18,20,19,24,21,20,24,28,18,31,24,18,28,17,56,34,34,18,17,33,31,34,34,31,18,33,32,31,27,25,24,23,22,21,24,23,21,30,28,31,27,26,25,24,28,27,30,29,28,40,42,41,40,57,42,54,45,44,40,39,57,38,57,39,55,42,57,43,42,55,44,43,55,56,44,55,54,44,56,52,54,15,53,9,8,54,56,16,10,9,53,11,10,53,12,11,53,16,15,54,14,52,15,13,53,52,13,52,14,12,53,13,50,48,51,48,50,49,51,47,0,48,47,51,47,46,0,46,1,0,46,2,1,2,46,3,45,3,46,3,54,4,4,54,5,54,3,45,52,5,54,6,5,52,7,6,52,53,8,7,7,52,53],"vertices":[1,25,-45.95,-117.14,1,1,25,5.27,-147.07,1,1,25,112.97,-158.19,1,1,25,213.27,-150.5,1,1,25,288.37,-138.67,1,1,25,353.72,-107.01,1,2,25,413.65,-87.56,0.98834,26,-57.23,67.12,0.01166,2,25,464.82,-58.84,0.68893,26,-70.75,10.02,0.31107,2,25,478.83,-50.22,0.55068,26,-73.88,-6.12,0.44932,2,25,488.04,-44.54,0.46835,26,-75.94,-16.74,0.53165,2,25,499.59,-37.43,0.3988,26,-78.53,-30.06,0.6012,2,25,502.09,-28.43,0.36119,26,-73.61,-37.99,0.63881,2,25,504.33,-20.37,0.31354,26,-69.19,-45.1,0.68646,2,25,513.74,13.46,0.15495,26,-50.67,-74.93,0.84505,1,26,32.75,-84.73,1,2,26,122.97,-97.97,0.95591,27,175.7,-93.98,0.04409,2,26,187.57,-77.59,0.62577,27,123.87,-50.36,0.37423,2,26,202.5,-72.88,0.33447,27,111.9,-40.28,0.66553,2,26,145.87,-117.35,5.0E-4,27,179.79,-64.26,0.9995,1,27,226.29,-116.87,1,1,27,285.37,-149.93,1,1,27,324.04,-153.88,1,1,27,364.32,-118.95,1,1,27,350.94,-84.84,1,1,27,306.29,-74.24,1,1,27,339.26,-57.93,1,1,27,348.23,-34.17,1,1,27,340.58,-14.68,1,1,27,284.99,-2.74,1,1,27,327.2,19.44,1,1,27,312.41,56.37,1,1,27,272.29,75.5,1,1,27,241.48,119.65,1,1,27,190.43,132.23,1,1,27,116.52,99.87,1,2,26,341.15,-45.4,0.01631,27,14.39,62.05,0.98369,2,26,348.54,-10.62,0.26025,27,-18.94,49.65,0.73975,2,26,351,1,0.39954,27,-30.07,45.5,0.60046,2,26,353.55,12.98,0.54534,27,-41.55,41.23,0.45466,2,26,362.23,30.47,0.71066,27,-60.96,39.19,0.28934,2,26,367.65,41.38,0.77553,27,-73.09,37.92,0.22447,2,26,382.05,70.38,0.83335,27,-105.28,34.54,0.16665,2,26,310.62,88.51,0.95671,27,-82.3,-35.49,0.04329,2,25,190.2,126.48,0.01911,26,251.59,86.6,0.98089,2,25,245.56,106.48,0.30459,26,199.38,59.41,0.69541,2,25,232.54,108.01,0.53411,26,209.33,67.95,0.46589,2,25,150.08,117.74,0.93304,26,272.33,122.04,0.06696,2,25,47.19,117.07,0.99919,26,341.51,198.2,8.1E-4,1,25,-39.97,76.9,1,1,25,-95.71,37.64,1,1,25,-106.8,-18.38,1,1,25,-71.1,-76.32,1,2,25,424.38,0.05,0.47048,26,-0.03,-0.1,0.52952,2,25,486.16,-30.73,0.4179,26,-64.51,-24.71,0.5821,2,25,257.47,99.39,0.32223,26,186.1,55.45,0.67777,2,26,296.47,0.01,0.49979,27,-0.01,-0.01,0.50021,2,26,211.67,-65.77,0.32816,27,100.98,-36.35,0.67184,2,26,343.62,10.73,0.49885,27,-34.32,34.05,0.50115],"hull":52,"edges":[0,2,2,4,4,6,6,8,8,10,10,12,12,14,26,28,28,30,34,36,36,38,38,40,40,42,42,44,44,46,46,48,48,50,50,52,52,54,54,56,56,58,58,60,60,62,62,64,64,66,66,68,68,70,82,84,84,86,86,88,92,94,94,96,96,98,98,100,100,102,0,102,18,20,20,106,106,104,18,106,20,22,106,22,22,24,24,26,106,24,14,16,16,18,106,16,88,90,90,92,88,108,108,104,90,108,30,32,32,34,34,112,112,110,32,112,76,114,114,110,76,78,114,78,74,76,114,74,70,72,72,74,114,72,78,80,80,82,114,80],"width":433,"height":717}},"line9":{"line":{"type":"mesh","color":"2df3ffff","uvs":[1,1,0,1,0,0,1,0],"triangles":[1,2,3,1,3,0],"vertices":[95.42,36.65,-5.71,-78.71,-88.08,5.89,-20.52,121.26],"hull":4,"edges":[0,2,2,4,4,6,0,6],"width":119,"height":149}},"sau_sung_R":{"sau_sung_R":{"type":"mesh","uvs":[0.05319,0,0.07636,0.01141,0.13625,0.01137,0.25337,0.01131,0.37415,0.01125,0.43531,0.02946,0.52413,0.05591,0.55351,0.04955,0.62094,0.08765,0.69816,0.1175,0.83544,0.1938,0.86837,0.22272,0.91405,0.27168,0.97847,0.37122,0.99993,0.4382,1,0.44883,1,0.54434,0.99125,0.62275,0.91545,0.69825,0.77635,0.74061,0.70278,0.74051,0.61924,0.76466,0.60085,0.77039,0.43616,0.82974,0.42961,0.83456,0.3481,0.89095,0.25908,0.93834,0.17211,0.97357,0.12639,0.97697,0.0939,0.98495,0.07398,1,0.06618,1,0.03862,0.90285,0.01012,0.68988,0,0.47641,0,0.37889,0.00144,0.26813,0.00949,0.14406,0.02794,0.04649],"triangles":[25,26,3,25,4,24,23,24,4,23,6,22,25,3,4,23,4,5,22,6,8,23,5,6,21,22,8,21,9,20,21,8,9,7,8,6,18,19,11,18,11,12,10,11,19,19,20,10,20,9,10,17,18,15,18,12,13,16,17,15,13,15,18,15,13,14,29,30,32,30,31,32,29,32,28,27,28,32,27,32,2,27,2,26,2,32,33,1,2,33,26,2,3,38,1,34,1,33,34,36,38,35,38,36,37,38,34,35,38,0,1],"vertices":[2,44,11.96,-6.29,0.99856,45,32.9,-247.83,0.00144,2,44,-0.75,-3.67,0.99853,34,344.31,-107.17,0.00147,3,44,-33.38,-4.62,0.83862,45,-12.43,-246.17,0.0014,34,311.69,-108.13,0.15997,2,44,-97.18,-6.5,0.40348,34,247.89,-110,0.59652,2,44,-162.98,-8.43,0.11638,34,182.09,-111.93,0.88362,2,44,-196.44,-4.63,0.04826,34,148.63,-108.14,0.95174,2,44,-245.02,0.88,0.00613,34,100.04,-102.62,0.99387,2,44,-260.98,-1.25,0.00213,34,84.09,-104.75,0.99787,1,34,47.07,-95.84,1,1,34,4.77,-89.25,1,1,34,-70.6,-71.44,1,1,34,-88.76,-64.39,1,1,34,-114.02,-52.3,1,1,34,-149.87,-27.25,1,1,34,-162.07,-10.05,1,1,34,-162.19,-7.27,1,1,34,-162.92,17.75,1,1,34,-158.75,38.42,1,1,34,-118.04,59.39,1,1,34,-42.58,72.7,1,1,34,-2.5,73.84,1,2,45,-281.29,-56.56,4.7E-4,34,42.83,81.49,0.99953,2,45,-271.32,-54.77,0.00133,34,52.8,83.28,0.99867,2,45,-182.06,-36.61,0.08896,34,142.07,101.44,0.91104,2,45,-178.52,-35.24,0.09949,34,145.6,102.8,0.90051,2,45,-134.55,-19.18,0.27131,34,189.57,118.86,0.72869,3,44,-107.36,236.19,6.0E-5,45,-86.42,-5.36,0.55056,34,237.71,132.69,0.44938,2,45,-39.31,5.25,0.84663,34,284.82,143.29,0.15337,2,45,-14.43,6.86,0.96451,34,309.69,144.91,0.03549,1,45,3.21,9.47,1,2,44,-6.99,255.27,9.6E-4,45,13.95,13.73,0.99904,2,44,-2.75,255.4,0.0012,45,18.2,13.85,0.9988,3,44,13.01,230.39,0.03388,45,33.95,-11.16,0.96337,34,358.08,126.89,0.00275,3,44,30.16,175.07,0.22266,45,51.1,-66.48,0.7241,34,375.23,71.57,0.05324,3,44,37.3,119.32,0.49959,45,58.25,-122.22,0.42081,34,382.37,15.82,0.07961,3,44,38.04,93.79,0.63897,45,58.99,-147.76,0.29311,34,383.11,-9.72,0.06792,3,44,38.1,64.76,0.79136,45,59.05,-176.79,0.1673,34,383.17,-38.75,0.04134,3,44,34.66,32.14,0.92526,45,55.61,-209.41,0.06423,34,379.73,-71.37,0.01051,2,44,25.36,6.29,0.98585,45,46.3,-235.26,0.01415],"hull":39,"edges":[0,76,0,2,12,14,14,16,16,18,18,20,20,22,22,24,24,26,26,28,28,30,30,32,32,34,34,36,36,38,38,40,40,42,42,44,44,46,46,48,48,50,50,52,52,54,54,56,56,58,58,60,60,62,62,64,64,66,66,68,68,70,70,72,72,74,74,76,2,4,4,6,6,8,8,10,10,12],"width":545,"height":262}},"sung L":{"sung L":{"type":"mesh","uvs":[0.37225,0.97788,0.32481,0.97788,0.28296,0.93145,0.18623,0.93145,0.08393,0.91507,0.01324,0.89731,0,0.81282,0.01231,0.74864,0.08393,0.60253,0.07556,0.41946,0.08858,0.23648,0.12113,0.08753,0.15461,0,0.25971,0,0.41038,0.02199,0.59069,0.13259,0.72741,0.21725,0.88603,0.37026,0.94369,0.47267,1,0.56826,0.99764,0.67368,0.96694,0.70918,0.85347,0.6846,0.71954,0.68051,0.58287,0.69006,0.48707,0.72693,0.45722,0.75395,0.41918,0.78838,0.41745,0.85739,0.41545,0.93722,0.15355,0.58612,0.25201,0.61099,0.34518,0.62654,0.41823,0.71825],"triangles":[31,30,13,9,10,30,4,8,30,8,9,30,12,13,11,30,10,13,11,13,10,26,33,25,24,25,32,20,21,19,16,23,24,22,19,21,24,32,15,18,22,17,22,23,17,23,16,17,16,24,15,19,22,18,15,32,14,32,31,14,31,13,14,3,31,2,28,2,27,2,31,32,4,30,3,3,30,31,4,7,8,27,32,33,32,27,2,27,33,26,25,33,32,29,0,28,28,0,1,28,1,2,5,6,4,7,4,6],"vertices":[2,31,-102.19,104.31,0.96466,32,123.6,308.15,0.03534,2,31,-68.31,105.85,0.97797,32,157.18,312.95,0.02203,3,31,-37.4,84.61,0.9892,32,190,294.8,0.01061,43,-119.36,190.05,1.9E-4,2,31,31.69,87.74,0.93412,43,-50.27,193.18,0.06588,2,31,105.13,83.07,0.76329,43,23.17,188.51,0.23671,2,31,156.01,76.72,0.70031,43,74.05,182.16,0.29969,2,31,169.32,36.13,0.6651,43,87.36,141.57,0.3349,2,31,159.95,4.42,0.62103,43,77.98,109.86,0.37897,2,31,112.01,-68.97,0.23062,43,30.05,36.46,0.76938,3,32,372.07,68.93,0.09739,42,63.73,194.12,0.09218,43,40.06,-52.33,0.81042,3,32,375.45,-20.6,0.20474,42,58.45,104.68,0.43539,43,34.78,-141.77,0.35987,3,32,362.67,-95.7,0.0633,42,38.48,31.16,0.85816,43,14.81,-215.29,0.07854,2,42,16.54,-13.5,0.99915,43,-7.13,-259.95,8.5E-4,2,32,270.75,-152.9,0.26938,42,-58.53,-16.9,0.73062,2,32,162.45,-156.55,0.76436,42,-166.68,-10.08,0.23564,2,32,27.21,-121.46,0.98437,42,-297.9,37.91,0.01563,1,32,-75.4,-94.46,1,1,32,-198.21,-36.74,1,1,32,-246.08,6.81,1,1,32,-292.52,47.19,1,1,32,-298.1,98.26,1,1,32,-278.82,118.48,1,2,31,-439.46,-53.92,1.7E-4,32,-196.82,118.1,0.99983,2,31,-343.71,-51.58,0.01571,32,-101.74,129.67,0.98429,2,31,-246.3,-42.52,0.13038,32,-5.65,148.1,0.86962,2,31,-178.68,-21.48,0.37905,32,59.61,175.56,0.62095,2,31,-157.95,-7.37,0.51556,32,78.89,191.6,0.48444,2,31,-131.54,10.61,0.72315,32,103.44,212.05,0.27685,2,31,-131.83,44.24,0.87968,32,99.91,245.49,0.12032,2,31,-132.16,83.14,0.94229,32,95.82,284.18,0.05771,3,31,62.64,-79.21,0.21198,32,305.38,141.4,0.02802,43,-19.32,26.23,0.76,3,31,-8.24,-70.29,0.51852,32,233.98,143.43,0.21707,43,-90.2,35.15,0.26441,3,31,-75.13,-65.74,0.52665,32,166.96,141.5,0.42265,43,-157.09,39.7,0.05069,3,31,-129.32,-23.48,0.5753,32,108.94,178.33,0.42346,43,-211.29,81.95,0.00124],"hull":30,"edges":[0,2,2,4,4,6,6,8,8,10,10,12,12,14,14,16,16,18,18,20,20,22,22,24,24,26,26,28,28,30,30,32,32,34,34,36,36,38,38,40,40,42,42,44,44,46,46,48,48,50,0,58,54,56,56,58,16,60,60,62,62,64,64,66,50,52,52,54,66,52],"width":715,"height":487}},"tooth":{"tooth":{"type":"mesh","uvs":[0.23379,0,0.2543,0.04243,0.3126,0.13743,0.33248,0.16017,0.4044,0.22007,0.53109,0.35893,0.55551,0.38494,0.74538,0.52714,0.94554,0.65888,1,0.78548,1,0.83523,0.94954,0.91403,0.8782,0.96031,0.80658,0.98419,0.69512,1,0.42956,1,0.28095,0.98079,0.19445,0.95843,0.11755,0.906,0.07763,0.84843,0.02493,0.69526,0,0.57947,0,0.4027,0.03016,0.29225,0.03684,0.27288,0.03711,0.19896,0.10252,0.05356,0.12118,0.01466,0.14876,3.2E-4,0.18533,0],"triangles":[19,7,8,7,19,20,22,23,6,7,20,6,4,5,23,4,23,24,6,23,5,4,24,3,6,20,21,24,25,3,25,2,3,6,21,22,25,26,2,26,1,2,26,27,1,1,27,29,27,28,29,29,0,1,12,13,14,9,14,15,9,12,14,16,9,15,10,11,12,17,9,16,9,10,12,17,19,9,19,17,18,19,8,9],"vertices":[1,41,189.24,-37.7,1,1,41,180.34,-36.26,1,1,41,159.9,-34.25,1,1,41,154.76,-34.35,1,1,41,140.38,-36.54,1,1,41,108.74,-37.68,1,1,41,102.79,-37.96,1,1,41,67.85,-45.03,1,1,41,34.45,-53.97,1,1,41,8.2,-49.01,1,1,41,-1.22,-44.96,1,1,41,-13.99,-33.58,1,1,41,-19.73,-22.8,1,1,41,-21.22,-13.82,1,1,41,-19.49,-1.57,1,1,41,-8.25,24.52,1,1,41,1.67,37.56,1,1,41,9.56,44.24,1,1,41,22.73,47.53,1,1,41,35.32,46.76,1,1,41,66.53,39.47,1,1,41,89.49,32.48,1,1,41,122.94,18.08,1,1,41,142.56,6.12,1,1,41,145.94,3.89,1,1,41,159.91,-2.16,1,1,41,184.66,-20.44,1,1,41,191.23,-25.44,1,1,41,192.77,-29.32,1,1,41,191.29,-32.94,1],"hull":30,"edges":[0,58,0,2,2,4,4,6,6,8,8,10,10,12,12,14,14,16,16,18,18,20,20,22,22,24,24,26,26,28,28,30,30,32,32,34,34,36,36,38,38,40,40,42,42,44,44,46,46,48,48,50,50,52,52,54,54,56,56,58],"width":107,"height":206}},"sung R":{"sung R":{"type":"mesh","uvs":[0,0.84093,0.0438,0.65373,0,0.5295,0,0.36046,0,0.12391,0.02934,0,0.19439,0,0.38559,0,0.54824,0.04392,0.69522,0.06945,0.82051,0.13922,0.90364,0.2141,1,0.29409,1,0.43235,0.90003,0.46979,0.74943,0.50042,0.65546,0.54126,0.54462,0.59062,0.48077,0.6672,0.44336,0.70652,0.42896,0.72165,0.44824,0.82716,0.4374,0.9548,0.38365,0.95732,0.30173,0.9352,0.20776,0.95732,0.0668,1,0,0.97264,0.09586,0.63666,0.16221,0.61446,0.25824,0.6009,0.34904,0.62309,0.41364,0.67489],"triangles":[29,2,6,29,6,30,6,2,3,25,0,28,0,1,28,28,29,25,1,2,28,28,2,29,27,0,26,4,5,6,6,3,4,18,31,17,17,31,7,31,30,7,30,6,7,17,8,16,17,7,8,16,9,15,16,8,9,14,15,11,15,9,10,13,14,12,11,15,10,14,11,12,25,30,24,25,29,30,24,20,21,20,31,32,20,24,31,24,30,31,20,32,19,19,32,18,32,31,18,26,0,25,22,23,21,21,23,24],"vertices":[2,33,173.33,54.53,0.3699,45,59.63,112.07,0.6301,3,33,148.29,-30.18,0.0842,44,12.29,269.33,0.00207,45,33.24,27.78,0.91373,3,34,388.55,111.3,0.01661,44,43.48,214.8,0.08533,45,64.43,-26.74,0.89806,3,34,390.75,35.94,0.08349,44,45.68,139.44,0.34489,45,66.63,-102.11,0.57162,3,34,393.82,-69.52,0.01424,44,48.75,33.99,0.88772,45,69.7,-207.56,0.09804,2,44,29.94,-23.85,0.99934,45,50.89,-265.4,6.6E-4,2,34,271.07,-130.38,0.38597,44,-74,-26.88,0.61403,2,34,150.67,-133.88,0.8992,44,-194.4,-30.38,0.1008,2,34,47.62,-115.29,0.99616,44,-297.45,-11.79,0.00384,1,34,-45.27,-106.6,1,1,34,-125.08,-77.8,1,1,34,-178.4,-45.94,1,1,34,-240.12,-12.05,1,1,34,-241.92,49.59,1,1,34,-179.45,68.12,1,2,33,-292.72,-118.58,0.00506,34,-85.01,84.53,0.99494,2,33,-234.4,-97.71,0.04535,34,-26.36,104.47,0.95465,2,33,-165.64,-72.56,0.23081,34,42.79,128.5,0.76919,2,33,-126.99,-36.62,0.49765,34,82.01,163.81,0.50235,2,33,-104.24,-18.04,0.67495,34,105.06,182.03,0.32505,2,33,-95.49,-10.88,0.77376,34,113.93,189.04,0.22624,2,33,-109.75,35.58,0.95743,34,100.42,235.72,0.04257,2,33,-105.5,92.75,0.99857,34,105.59,292.82,0.00143,2,33,-71.72,95.41,0.99987,45,-184.72,156.89,1.3E-4,2,33,-19.72,87.88,0.96098,45,-132.85,148.53,0.03902,2,33,38.98,100.42,0.75083,45,-73.96,160.11,0.24917,2,33,126.83,123.45,0.47039,45,14.26,181.73,0.52961,2,33,171.42,113.25,0.42745,45,58.68,170.81,0.57255,2,33,115.86,-39.27,0.08368,45,0.67,19.21,0.91632,4,33,74.55,-51.05,0.25558,34,283.3,146.15,0.05818,44,-61.77,249.65,0.00166,45,-40.82,8.1,0.68458,4,33,14.39,-59.83,0.55961,34,223,138.34,0.21002,44,-122.07,241.84,4.3E-4,45,-101.12,0.29,0.22994,3,33,-43.2,-52.52,0.66742,34,165.54,146.57,0.30538,45,-158.59,8.52,0.0272,3,33,-84.9,-31.28,0.68593,34,124.18,168.47,0.31365,45,-199.94,30.43,4.2E-4],"hull":28,"edges":[0,2,2,4,4,6,6,8,8,10,10,12,12,14,14,16,16,18,18,20,20,22,22,24,24,26,26,28,28,30,30,32,32,34,34,36,40,42,42,44,44,46,46,48,48,50,50,52,52,54,0,54,2,56,56,58,58,60,60,62,62,64,36,38,38,40,64,38],"width":630,"height":446}},"dan":{"dan":{"x":18.45,"y":13.02,"width":328,"height":365}},"eyes_closed_r2":{"eyes_closed_r2":{"type":"mesh","uvs":[1,1,0,1,0,0,1,0],"triangles":[1,2,3,1,3,0],"vertices":[-16.97,16.9,29.02,17.39,29.38,-15.61,-16.62,-16.1],"hull":4,"edges":[0,2,2,4,4,6,0,6],"width":46,"height":33}},"tay L":{"tay L":{"type":"mesh","uvs":[0,0.90889,0.04109,0.85871,0.11547,0.85035,0.24563,0.82248,0.32,0.74721,0.39438,0.65244,0.48502,0.59238,0.50471,0.57934,0.52268,0.56743,0.52181,0.55308,0.52061,0.53334,0.51524,0.44478,0.56173,0.32353,0.55992,0.3117,0.55759,0.29655,0.55595,0.28584,0.5538,0.27181,0.53942,0.17798,0.57846,0.06509,0.64118,0.00222,0.76762,0,0.89778,0,0.97216,0.06772,1,0.1179,1,0.21809,0.97648,0.29257,0.95681,0.31847,0.94581,0.33296,0.93549,0.34655,0.9247,0.36076,0.9247,0.37239,0.9247,0.45046,0.89671,0.5176,0.83933,0.56795,0.79595,0.63299,0.78139,0.69553,0.779,0.70582,0.77495,0.7232,0.76067,0.72936,0.73943,0.73853,0.68259,0.76306,0.59631,0.90443,0.56412,0.92122,0.50254,0.88975,0.45916,0.87821,0.41437,0.9338,0.4075,0.93853,0.39454,0.94743,0.38469,0.9542,0.37656,0.95979,0.36399,0.96842,0.19605,0.98416,0.16946,1,0.12607,1,0.13867,0.95374,0.08689,0.9936,0.06267,0.98853,0.06413,0.94553,0.02418,0.97928,0,0.97492,0,0.94008,0.67169,0.61605,0.5345,0.57128,0.75915,0.7068,0.34656,0.87502,0.38807,0.93767,0.77465,0.35295,0.57754,0.30173,0.91614,0.34732],"triangles":[65,64,45,46,65,45,57,60,0,57,1,2,57,0,1,47,65,46,54,2,3,51,54,3,64,51,3,57,2,54,64,65,49,48,65,47,65,48,49,49,50,64,58,59,60,57,58,60,50,51,64,55,56,57,54,55,57,52,53,54,51,52,54,62,8,9,7,8,62,6,7,62,34,63,61,34,35,63,36,63,35,37,63,36,38,63,37,63,40,61,39,63,38,39,40,63,44,64,4,3,4,64,6,62,61,40,5,6,40,6,61,44,5,40,44,4,5,43,44,40,41,43,40,42,43,41,45,64,44,31,32,66,30,31,66,10,61,62,62,9,10,33,66,32,10,11,61,66,11,12,11,66,61,61,66,33,34,61,33,20,22,23,67,16,17,67,15,16,20,23,24,67,14,15,24,67,17,20,21,22,18,19,20,20,24,17,13,14,67,17,18,20,24,25,66,67,24,66,12,13,67,26,66,25,26,27,68,28,68,27,26,68,66,29,68,28,68,29,30,30,66,68,12,67,66],"vertices":[1,24,281.13,-36.04,1,1,24,235.09,-80.06,1,1,24,174.45,-73.46,1,2,23,398.59,-99.11,0.22158,24,64.11,-76.37,0.77842,2,23,298.38,-110.8,0.92183,24,-14.63,-139.45,0.07817,2,22,397.69,-204.75,0.00383,23,182.72,-136.96,0.99617,2,22,314.64,-152.5,0.16023,23,85.02,-127.89,0.83977,2,22,296.6,-141.15,0.26771,23,63.8,-125.92,0.73229,2,22,280.13,-130.79,0.43419,23,44.43,-124.12,0.56581,3,21,539.3,-190.48,1.0E-4,22,265.44,-135.83,0.58105,23,33.6,-135.26,0.41885,3,21,518.04,-192.84,0.00119,22,245.22,-142.78,0.71406,23,18.7,-150.59,0.28475,3,21,422.71,-203.44,0.05382,22,154.49,-173.93,0.9113,23,-48.15,-219.38,0.03488,2,21,289.33,-174.39,0.52705,22,17.99,-174.67,0.47295,2,21,276.66,-176.69,0.60718,22,6.12,-179.69,0.39282,2,21,260.43,-179.64,0.6896,22,-9.07,-186.11,0.3104,2,21,248.95,-181.73,0.73839,22,-19.82,-190.65,0.26161,2,21,233.92,-184.46,0.79472,22,-33.89,-196.59,0.20528,2,21,133.36,-202.73,0.97434,22,-128.04,-236.36,0.02566,1,21,9.41,-179.1,1,1,21,-61.79,-132.79,1,1,21,-70.88,-30.62,1,1,21,-77.77,74.71,1,1,21,-8.59,139.69,1,1,21,44.11,165.76,1,1,21,152.29,172.84,1,2,21,233.95,159.07,0.9719,22,-108.82,138.67,0.0281,2,21,262.96,144.98,0.91498,22,-77.44,131.25,0.08502,2,21,279.18,137.1,0.85389,22,-59.88,127.1,0.14611,2,21,294.4,129.71,0.77023,22,-43.42,123.2,0.22977,2,21,310.31,121.98,0.63171,22,-26.21,119.13,0.36829,2,21,322.88,122.8,0.52241,22,-14.12,122.68,0.47759,2,21,407.17,128.32,0.08638,22,66.93,146.45,0.91362,2,21,481.13,110.41,0.00333,22,143.02,145.11,0.99667,2,22,208.4,115.79,0.99423,23,-131.01,63.42,0.00577,2,22,285.83,101.84,0.7098,23,-55.63,85.97,0.2902,2,22,354.09,109.56,0.2053,23,1.77,123.7,0.7947,2,22,365.32,110.83,0.15773,23,11.22,129.91,0.84227,2,22,384.28,112.97,0.11554,23,27.16,140.4,0.88446,2,22,393.94,103.73,0.09676,23,39.96,136.52,0.90324,2,22,408.31,90,0.05845,23,58.97,130.76,0.94155,2,22,446.75,53.23,0.00247,23,109.89,115.34,0.99753,1,23,269.28,169.09,1,1,23,300.39,162.5,1,1,23,309.77,102.79,1,2,23,324.69,68.56,0.97992,24,-87.48,26.55,0.02008,2,23,392.21,82.74,0.50753,24,-37.76,74.39,0.49247,2,23,399.75,82.18,0.45015,24,-31.07,77.92,0.54985,2,23,414.08,81.17,0.33378,24,-18.4,84.66,0.66622,2,23,425.03,80.44,0.25576,24,-8.73,89.85,0.74424,2,23,434.08,79.84,0.20062,24,-0.73,94.14,0.79938,2,23,448.05,78.89,0.14595,24,11.61,100.75,0.85405,1,24,148.09,83.18,1,1,24,173.31,94.27,1,1,24,207.34,85.32,1,1,24,184.72,39.51,1,1,24,236.31,70.53,1,1,24,253.9,60.23,1,1,24,240.92,15.53,1,1,24,281.55,42.6,1,1,24,299.31,33.06,1,1,24,289.72,-3.4,1,2,22,296.6,-0.02,0.5117,23,0.02,-0.02,0.4883,2,22,281.44,-120.42,0.43337,23,40.9,-114.28,0.56663,2,22,370.87,95.68,0.1389,23,23.01,118.91,0.8611,2,23,383.53,-0.78,0.53644,24,-0.82,-1.01,0.46356,2,23,409.94,70.12,0.3576,24,-16.04,73.1,0.6424,2,21,309.83,0,0.48314,22,-0.06,-0.01,0.51686,2,21,264.97,-163.13,0.66019,22,-8.25,-169.01,0.33981,2,21,296.26,114.1,0.72626,22,-38.2,108.38,0.27374],"hull":61,"edges":[0,2,2,4,4,6,6,8,8,10,22,24,34,36,36,38,38,40,40,42,42,44,44,46,46,48,48,50,62,64,64,66,66,68,80,82,82,84,84,86,86,88,88,90,100,102,102,104,104,106,106,108,108,110,110,112,112,114,114,116,116,118,118,120,0,120,16,18,16,124,124,122,18,124,14,16,124,14,10,12,12,14,124,12,18,20,20,22,124,20,72,74,74,126,126,122,72,126,74,76,126,76,76,78,78,80,126,78,68,70,70,72,126,70,128,6,90,92,92,94,94,130,130,128,92,130,94,96,130,96,96,98,98,100,130,98,130,90,56,58,24,26,26,28,28,134,134,132,26,134,28,30,134,30,134,24,30,32,32,34,134,32,56,136,136,132,136,58,54,56,136,54,58,60,60,62,136,60,50,52,52,54,136,52],"width":811,"height":1082}},"eyes_closed_r":{"eyes_closed_r":{"type":"mesh","uvs":[1,1,0,1,0,0,1,0],"triangles":[1,2,3,1,3,0],"vertices":[-46.96,34.21,59.03,35.35,59.86,-41.64,-46.13,-42.78],"hull":4,"edges":[0,2,2,4,4,6,0,6],"width":106,"height":77}},"tay R":{"tay R":{"type":"mesh","uvs":[0.22373,0.97184,0.16833,1,0.13345,1,0.13756,0.95262,0.09344,0.98337,0.07498,0.99875,0.05343,0.98722,0.06574,0.94723,0.03189,0.96646,0.00932,0.98337,0,0.95954,0,0.91724,0.05138,0.86342,0.10268,0.86342,0.14987,0.85035,0.21925,0.84419,0.22971,0.84327,0.24528,0.84189,0.24927,0.8336,0.25356,0.82472,0.26272,0.80575,0.31504,0.75038,0.393,0.67195,0.46562,0.60148,0.49476,0.59087,0.51076,0.58505,0.53744,0.57534,0.53395,0.56025,0.53081,0.54665,0.51897,0.49537,0.52513,0.40771,0.5559,0.34696,0.57424,0.32479,0.58191,0.31552,0.5877,0.30851,0.58397,0.29709,0.58006,0.2851,0.55795,0.21746,0.55077,0.12519,0.58258,0.06291,0.65234,0.01523,0.7498,0,0.86209,0,0.92569,0.02215,0.97391,0.07982,1,0.13903,1,0.22508,0.97186,0.30351,0.93892,0.3366,0.93176,0.34379,0.92364,0.35195,0.92335,0.36152,0.92307,0.37035,0.92056,0.45202,0.89799,0.50739,0.82348,0.56921,0.79168,0.6361,0.78389,0.68327,0.7822,0.69351,0.77937,0.71069,0.76612,0.71696,0.74992,0.72462,0.67469,0.76018,0.63366,0.83554,0.58031,0.91658,0.54748,0.91428,0.50644,0.88506,0.4572,0.87429,0.40902,0.93333,0.40386,0.93965,0.38933,0.94669,0.37936,0.95153,0.36713,0.95747,0.35153,0.96503,0.27254,0.97426,0.69848,0.63334,0.76264,0.6947,0.55515,0.58172,0.32931,0.85683,0.38472,0.93978,0.25834,0.84421,0.7744,0.3128,0.60501,0.30891,0.90957,0.34826],"triangles":[0,1,3,1,2,3,5,6,4,4,6,7,4,7,3,9,10,8,73,74,78,0,3,15,3,14,15,78,74,80,74,0,80,0,15,80,7,8,11,72,73,79,8,10,11,71,72,79,7,13,3,3,13,14,71,79,70,78,79,73,11,12,7,7,12,13,70,79,69,69,79,68,68,79,78,78,19,20,15,16,80,16,17,80,17,18,80,18,19,80,78,80,19,68,78,67,63,64,66,64,65,66,66,67,63,67,21,22,67,22,63,63,22,62,62,22,23,62,23,24,20,21,78,67,78,21,62,24,77,62,75,61,62,77,75,61,76,60,61,75,76,60,76,59,59,76,58,58,76,57,57,76,75,57,75,56,24,25,77,25,26,77,56,75,55,75,77,55,28,55,77,55,29,81,31,81,30,81,31,82,31,32,82,27,77,26,55,81,54,28,77,27,55,28,29,30,81,29,52,53,81,53,54,81,52,81,83,52,83,51,51,83,50,50,83,49,49,83,48,32,33,82,33,34,82,35,82,34,47,48,83,47,83,81,47,81,46,46,81,82,46,36,45,46,82,36,40,41,36,44,41,42,43,44,42,41,45,36,36,82,35,38,39,40,40,36,37,41,44,45,40,37,38],"vertices":[1,36,124.75,85.65,1,1,36,177.43,98.76,1,1,36,203.98,89,1,1,36,183.18,42.03,1,1,36,228.24,60.93,1,1,36,248.03,71.38,1,1,36,260.13,53.65,1,1,36,235.84,16.48,1,1,36,268.78,26.53,1,1,36,292.28,37.4,1,1,36,290.48,10.59,1,1,36,274.7,-32.37,1,1,36,215.5,-72.67,1,1,36,176.46,-58.32,1,1,36,135.65,-58.4,1,2,19,446.1,-67.55,0.00958,36,80.53,-45.28,0.99042,2,19,438.84,-63.02,0.022,36,72.2,-43.33,0.978,2,19,427.97,-56.34,0.06647,36,59.75,-40.51,0.93353,2,19,419.61,-61.44,0.15008,36,53.49,-48.04,0.84992,2,19,410.69,-66.89,0.23841,36,46.8,-56.07,0.76159,2,19,391.7,-78.47,0.4391,36,32.56,-73.15,0.5609,2,19,320.9,-98.54,0.91159,36,-27.99,-114.98,0.08841,2,18,435.32,-237.1,0.00802,19,218.32,-124.28,0.99198,2,18,350.37,-191.95,0.12887,19,124.59,-145.99,0.87113,2,18,335.13,-170.63,0.20544,19,99.1,-139.91,0.79456,2,18,326.77,-158.92,0.27095,19,85.11,-136.57,0.72905,2,18,312.9,-139.45,0.47513,19,61.86,-130.99,0.52487,2,18,297.43,-145.1,0.62793,19,53.9,-145.4,0.37207,2,18,283.47,-150.18,0.72014,19,46.71,-158.4,0.27986,2,18,230.65,-169.39,0.90287,19,19.47,-207.56,0.09713,3,17,384.17,-195.14,0.02788,18,136.46,-181.12,0.96462,19,-43.89,-278.24,0.00751,2,17,316.97,-174.48,0.1518,18,67.38,-168.04,0.8482,2,17,292.07,-161.19,0.26375,18,41.16,-157.6,0.73625,2,17,281.65,-155.63,0.33266,18,30.2,-153.23,0.66734,2,17,273.79,-151.43,0.41001,18,21.91,-149.92,0.58999,2,17,261.65,-155.25,0.51817,18,10.28,-155.06,0.48183,2,17,248.91,-159.26,0.60197,18,-1.94,-160.46,0.39803,2,17,177.04,-181.87,0.8921,18,-70.86,-190.91,0.1079,2,17,77.78,-194.13,0.99397,18,-168.14,-214.11,0.00603,1,17,8.86,-172.74,1,1,17,-46.26,-119.61,1,1,17,-67.81,-41.8,1,1,17,-73.69,49.08,1,1,17,-53.11,102.1,1,1,17,6.64,145.15,1,1,17,69.2,170.4,1,2,17,162.11,176.41,0.96698,18,-125.46,163.5,0.03302,2,17,248.27,159.12,0.76684,18,-37.92,155.87,0.23316,2,17,285.72,134.78,0.54663,18,2.01,135.84,0.45337,2,17,293.86,129.48,0.48013,18,10.69,131.48,0.51987,2,17,303.1,123.48,0.38268,18,20.53,126.54,0.61732,2,17,313.44,123.91,0.29438,18,30.76,128.12,0.70562,2,17,323,124.31,0.23299,18,40.22,129.57,0.76701,2,17,411.31,127.98,0.00977,18,127.58,143.02,0.99023,1,18,189.76,135.48,1,1,18,266.19,87.68,1,2,18,342.09,74.96,0.73394,19,-56.87,49.92,0.26606,2,18,393.66,77.47,0.22344,19,-19.61,85.67,0.77656,2,18,404.85,77.99,0.15206,19,-11.51,93.4,0.84794,2,18,423.59,78.86,0.09098,19,2.06,106.36,0.90902,2,18,432.1,69.41,0.06854,19,14.68,104.82,0.93146,2,18,442.51,57.84,0.03463,19,30.13,102.93,0.96537,1,19,101.75,94.14,1,1,19,179.1,136.25,1,1,19,268.07,176.8,1,1,19,287.12,158.03,1,2,19,292.9,112.49,0.99993,36,-122.55,75.75,7.0E-5,2,19,316.41,78.2,0.97207,36,-89.23,50.87,0.02793,2,19,386.66,103.31,0.50685,36,-30.83,97.29,0.49315,2,19,394.22,106.04,0.4596,36,-24.55,102.31,0.5404,2,19,408.19,104.66,0.37805,36,-10.88,105.51,0.62195,2,19,417.81,103.73,0.3162,36,-1.48,107.73,0.6838,2,19,429.62,102.6,0.2486,36,10.06,110.47,0.7514,2,19,444.67,101.15,0.17976,36,24.77,113.95,0.82024,2,19,501.03,69.02,0.0134,36,88.48,101.71,0.9866,2,18,352.24,0.01,0.4734,19,0,0.05,0.5266,2,18,408.82,62.56,0.12509,19,1.62,84.38,0.87491,2,18,317.22,-124.11,0.47222,19,55.06,-116.57,0.52778,2,19,384.64,-1.57,0.46895,36,1.07,-2.64,0.53105,2,19,406.38,96.48,0.3848,36,-9.96,97.19,0.6152,2,19,421.25,-47.78,0.09351,36,50.63,-34.57,0.90649,2,17,268.64,-0.03,0.50321,18,-0.01,-0.03,0.49679,2,17,273.31,-137.4,0.41796,18,19.88,-136.03,0.58204,2,17,299.85,111.84,0.38249,18,18.6,114.61,0.61751],"hull":75,"edges":[0,2,2,4,4,6,6,8,8,10,10,12,12,14,14,16,16,18,18,20,20,22,22,24,24,26,26,28,40,42,42,44,44,46,58,60,60,62,74,76,76,78,78,80,80,82,82,84,84,86,86,88,88,90,90,92,92,94,106,108,108,110,110,112,124,126,126,128,128,130,130,132,132,134,146,148,0,148,116,118,118,152,152,150,116,152,118,120,152,120,120,122,122,124,152,122,112,114,114,116,152,114,52,54,52,154,154,150,54,154,50,52,154,50,46,48,48,50,48,154,54,56,56,58,154,56,138,140,140,158,158,156,138,158,140,142,158,142,142,144,144,146,158,144,134,136,136,138,158,136,34,36,34,160,160,156,36,160,32,34,160,32,28,30,30,32,30,160,36,38,38,40,160,38,66,68,68,164,164,162,66,164,68,70,164,70,62,64,64,66,164,64,70,72,72,74,164,72,100,166,166,162,100,102,166,102,98,100,166,98,94,96,96,98,96,166,102,104,104,106,166,104],"width":811,"height":1082}},"fx/P103588/321093122":{"fx/P103588/321093122":{"x":52.1,"y":207.3,"width":385,"height":425},"fx/P103588/321093123":{"x":18.27,"y":193.69,"width":453,"height":454},"fx/P103588/321093124":{"x":24.07,"y":197.76,"width":445,"height":454},"fx/P103588/321093125":{"x":6.86,"y":194.55,"width":407,"height":452},"fx/P103588/321093126":{"x":1.1,"y":192.86,"width":407,"height":446},"fx/P103588/321093127":{"x":4.57,"y":194.94,"width":256,"height":409},"fx/P103588/321093128":{"x":6.86,"y":193.8,"width":246,"height":387},"fx/P103588/321093129":{"x":2.39,"y":187.01,"width":246,"height":387},"fx/P103588/321093130":{"x":5.68,"y":191.33,"width":225,"height":387}},"than":{"than":{"type":"mesh","uvs":[0.10085,0.14331,0.05092,0.14293,0.0211,0.20199,0.00832,0.28756,0,0.34058,0,0.42374,0,0.52881,0.01755,0.59389,0.04382,0.65415,0.08571,0.6891,0.13915,0.78616,0.19098,0.82954,0.25378,0.85244,0.28797,0.85467,0.32761,0.85726,0.41281,0.85485,0.48522,0.85124,0.55337,0.87172,0.61135,0.96261,0.66105,0.98792,0.72707,0.99515,0.82788,0.99997,0.9152,0.99394,0.99329,0.95899,1,0.94212,1,0.8915,0.90881,0.81317,0.80587,0.76135,0.70577,0.7264,0.62568,0.64251,0.56178,0.52923,0.52913,0.36412,0.47302,0.20493,0.37076,0.07732,0.28486,0,0.21954,0,0.22735,0.07611,0.23161,0.14119,0.14074,0.1436,0.54633,0.56067,0.52192,0.63499,0.50551,0.72216,0.49288,0.79218,0.55318,0.68893,0.59378,0.73292,0.63439,0.77985,0.67758,0.80772,0.71818,0.83705,0.75706,0.85465,0.80198,0.87225,0.85986,0.89278,0.89614,0.90598,0.94366,0.91625,0.97821,0.92358,0.09737,0.42582,0.10184,0.49923,0.09305,0.57715,0.10644,0.30046,0.10494,0.21124,0.26064,0.15919,0.33187,0.18606,0.40507,0.24875,0.45124,0.33048,0.51059,0.45698,0.55313,0.54683,0.31165,0.44023],"triangles":[8,7,56,7,6,56,56,6,55,55,5,54,55,6,5,57,54,4,57,4,3,57,2,58,57,3,2,58,1,0,58,2,1,54,5,4,21,51,22,21,50,51,21,20,49,20,48,49,21,49,50,23,52,53,23,22,52,22,51,52,23,53,24,53,25,24,53,52,25,25,52,26,52,51,26,51,50,26,26,50,27,50,49,27,49,48,27,27,48,28,19,47,20,20,47,48,19,46,47,46,28,47,48,47,28,19,18,46,18,45,46,18,17,45,46,45,28,28,45,29,16,42,17,42,41,17,17,41,44,17,44,45,44,41,43,15,14,42,16,15,42,13,42,14,41,42,13,41,13,65,45,44,29,44,43,29,41,40,43,41,65,40,40,39,43,43,39,29,29,39,64,64,30,29,40,65,63,40,63,39,39,63,64,64,63,30,65,62,63,63,31,30,63,62,31,65,61,62,62,32,31,62,61,32,32,61,33,65,12,11,12,65,13,9,56,10,11,10,56,56,65,11,65,56,55,9,8,56,55,54,65,54,57,65,59,65,57,57,38,37,57,37,59,65,60,61,65,59,60,57,58,38,58,0,38,61,60,33,33,60,34,60,59,34,34,59,36,59,37,36,36,35,34],"vertices":[3,5,415.77,-314.65,0.60557,4,-505.76,121.04,0.00365,11,-27.63,-310.09,0.39078,2,5,510.72,-310.77,0.12,11,67.39,-309.48,0.88,2,5,564.41,-242.07,0.12,11,123.42,-242.68,0.88,2,5,584.36,-145.15,0.12,11,146.7,-146.5,0.88,2,5,599.5,-84.96,0.12,11,163.9,-86.87,0.88,2,5,595.29,8.16,0.12,11,162.9,6.35,0.88,3,5,588.62,125.77,0.11998,4,799.49,287.69,2.0E-5,11,160.01,124.11,0.88,4,5,555.72,197.65,0.1195,4,738.14,343.28,4.6E-4,6,-2222.26,-2423.04,5.0E-5,11,125.45,196.69,0.88,4,5,513.07,265.39,0.11792,4,654.22,383.86,0.00181,6,-1803.59,-2520.91,2.7E-4,11,74.74,263.7,0.88,3,5,455.76,309.01,0.943,4,529.39,376.47,0.04807,6,-1330.08,-2373.98,0.00893,3,5,408.15,459.45,0.81129,4,305.37,376.08,0.15348,6,-556.94,-2277.01,0.03523,3,5,329.2,557.05,0.68845,4,148.41,328.94,0.2451,6,-79.64,-1994.19,0.06645,3,5,199.08,656.26,0.50988,4,4.13,241.93,0.3629,6,270.37,-1545.7,0.12722,3,5,24.01,465.89,0.40449,4,165.3,-437.88,0.4088,6,-271.3,-460.45,0.18671,3,5,-16.2,741.7,0.28229,4,-80.68,149.31,0.46202,6,397.49,-1025.69,0.25569,3,5,-280.26,718.21,0.08814,4,-106.76,149.89,0.39149,6,310.86,-576.95,0.52038,4,5,-409.22,562.12,0.01655,4,-180.41,238.17,0.16613,6,179.54,-306.4,0.79217,8,-110.37,-302.7,0.02516,5,5,-488.75,472.25,5.2E-4,4,-317.41,299.56,0.01264,6,157.36,-177.16,0.63162,8,-98.94,-172.07,0.32883,9,-211.64,-164.79,0.02639,3,6,293.61,-188.02,0.09602,8,30.06,-217.23,0.62297,9,-84.29,-214.42,0.28101,4,6,386.29,-153.97,0.01089,8,128.35,-207.88,0.43545,9,14.27,-208.5,0.54415,10,-173.42,-186.7,0.00952,3,8,247.79,-168.04,0.09312,9,135.02,-172.86,0.67347,10,-48.94,-167.76,0.2334,2,9,317,-111.88,0.01475,10,139.63,-132.05,0.98525,1,10,300.52,-89.94,1,1,10,437.33,-19.9,1,1,10,445.75,1.3,1,1,10,433.63,56.73,1,1,10,245.34,105.43,1,2,9,185.59,124.84,0.2721,10,41.55,120.32,0.7279,3,6,278.48,131.63,0.00512,8,96.73,95.75,0.53109,9,-6.75,96.05,0.46379,3,4,-366.5,18.44,0.00171,6,101.8,115.79,0.74819,8,-78.17,125.37,0.2501,2,4,-66.2,4.94,0.40338,6,269.99,287.7,0.59662,3,5,-1415.66,-180.53,0.00379,4,282.51,230.26,0.94496,6,562.22,890.51,0.05125,2,5,-1017.4,-677.12,0.1236,4,89.55,278.76,0.8764,2,5,-209.13,-809.72,0.51747,4,-19.91,-26.78,0.48253,2,5,125.37,-769.02,0.73529,4,177.54,-227.19,0.26471,2,5,303.1,-727.28,0.77227,4,280.72,-240.1,0.22773,2,5,274.5,-592.51,0.78393,4,273.78,-204.02,0.21607,2,5,236.94,-441.43,0.84985,4,333.89,-196.81,0.15015,2,5,345.72,-322.87,0.99344,4,676.81,-205.88,0.00656,2,4,-90.76,7.44,0.34554,6,204.13,187.3,0.65446,3,5,-538.69,275.72,1.1E-4,4,-137.79,51.49,0.20037,6,86.76,13.63,0.79952,4,5,-454.53,373.95,0.00461,4,-161.56,133.33,0.1424,6,81.96,-115.36,0.85185,8,-156.15,-93.13,0.00114,4,5,-424.64,474.31,0.01206,4,-171.58,192.02,0.15513,6,130.86,-219.4,0.81598,8,-135.32,-206.19,0.01683,4,5,-471.77,257.47,0.0027,4,536.47,-48.69,0.08824,6,20.97,-9,0.80991,8,-188.08,25.24,0.09915,5,5,-551.19,303.25,3.6E-4,4,627.56,-58.92,0.01094,6,112.38,-2.1,0.70719,8,-97.93,8.67,0.27142,9,-204.31,15.81,0.0101,5,5,-630.76,352.31,1.6E-4,4,720.11,-72.09,0.005,6,205.76,2.18,0.34559,8,-6.53,-10.94,0.43198,9,-113.66,-6.98,0.21727,6,5,-714.28,379.8,8.0E-5,4,807.66,-63.91,0.00229,6,290.26,26.51,0.15998,8,81.38,-8.9,0.39307,9,-25.73,-8.01,0.39523,10,-185.85,17.36,0.04936,6,5,-792.96,409.15,4.0E-5,4,891.51,-59.37,0.00126,6,371.8,46.57,0.08829,8,165.34,-10.25,0.23688,9,58.13,-12.28,0.42608,10,-103.34,1.75,0.24745,6,5,-867.76,425.51,3.0E-5,4,966.61,-44.48,7.7E-4,6,442.82,75.17,0.05355,8,241.3,-0.65,0.14367,9,134.38,-5.34,0.31439,10,-26.85,-1.71,0.4876,6,5,-954.05,441.36,1.0E-5,4,1052.05,-24.52,1.9E-4,6,523.05,110.68,0.01317,8,327.92,13.29,0.03534,9,221.44,5.57,0.18764,10,60.88,-2.71,0.76365,6,5,-1065.12,459.37,0,4,1161.07,3.36,3.0E-5,6,624.98,158.36,0.00234,8,438.63,33.48,0.00629,9,332.78,21.88,0.03886,10,173.4,-1.66,0.95247,6,5,-1134.77,471.03,0,4,1229.57,20.51,1.0E-5,6,689.09,187.95,7.2E-4,8,508.16,45.79,0.00194,9,402.7,31.76,0.01197,10,244.01,-1.36,0.98535,6,5,-1225.62,478.44,0,4,1315.81,50.02,1.0E-5,6,768.33,233,3.8E-4,8,596.25,69.2,0.00102,9,491.55,52.08,0.0063,10,334.8,6.72,0.99229,6,5,-1291.68,483.68,0,4,1378.46,71.62,0,6,825.87,265.88,1.5E-4,8,660.26,86.36,3.9E-4,9,556.12,67,0.00244,10,400.8,12.75,0.99702,5,5,409.09,2.07,0.31904,4,-373.06,-166.61,0.03804,6,-850.74,-294.09,0.08346,8,-1103.63,-28.76,4.0E-5,11,-23.39,6.67,0.55942,5,5,396.52,83.88,0.50721,4,-328.84,-236.58,0.04382,6,-794.27,-354.61,0.06945,8,-1064.42,-101.65,3.0E-5,11,-33.14,88.86,0.37948,5,5,409.01,171.89,0.64997,4,-305.12,-322.25,0.04336,6,-755.03,-434.36,0.04366,8,-1046.75,-188.76,2.0E-5,11,-17.62,176.39,0.26299,5,5,397.74,-139.11,0.55097,4,-419.08,-32.66,0.02285,6,-920.87,-171.04,0.0448,8,-1140.17,108.08,2.0E-5,11,-39.6,-134.04,0.38136,5,5,404.79,-238.91,0.59827,4,-465.42,56.01,0.01207,6,-982.91,-92.54,0.01936,8,-1180.2,199.77,1.0E-5,11,-35.99,-234.02,0.37029,4,5,111.19,-310.6,0.76879,4,-224.94,239.06,0.20354,6,-780.68,132.05,0.02765,8,-927.5,365.55,1.0E-5,4,5,-25.57,-286.64,0.58002,4,-90,271.75,0.33316,6,-654.18,189.28,0.08677,8,-790.6,388.72,4.0E-5,4,5,-167.91,-222.73,0.3313,4,66.02,270.05,0.5689,6,-500.57,216.64,0.09975,8,-635.08,376.11,5.0E-5,4,5,-259.81,-135.18,0.20624,4,185.25,226.52,0.65414,6,-375.32,196.06,0.13955,8,-519.19,324.35,6.0E-5,4,5,-379.05,1.39,0.05654,4,349.14,148.99,0.61723,6,-199.87,150.38,0.32616,8,-361.13,235.55,8.0E-5,2,4,466.2,94.26,0.37099,6,-74.67,118.38,0.62901,4,5,-0.02,-0.26,0.54189,4,1.02,-0.97,0.14576,6,-514,-61.74,0.31219,8,-718.88,110.3,1.6E-4],"hull":39,"edges":[2,4,4,6,6,8,8,10,10,12,12,14,14,16,16,18,18,20,20,22,22,24,28,30,30,32,32,34,34,36,36,38,38,40,40,42,42,44,44,46,46,48,48,50,50,52,52,54,54,56,56,58,58,60,60,62,62,64,64,66,66,68,68,70,70,72,72,74,74,76,78,80,80,82,82,84,84,32,108,110,110,112,112,18,108,114,114,116,2,0,0,76,116,0,74,118,118,120,120,122,122,124,124,126,60,128,128,78,126,128,24,26,26,28,130,26,130,120,130,108,130,80],"width":1903,"height":1121}},"lower_jaw":{"lower_jaw":{"type":"mesh","uvs":[0.27425,1,0.27849,0.93594,0.26406,0.83356,0.24201,0.70344,0.23182,0.65273,0.14698,0.61255,0.09608,0.55705,0.02481,0.53792,0,0.49486,0,0.44453,0.04432,0.39573,0.01123,0.33641,0,0.26848,0,0.16526,0,0.09733,0.02141,0.1136,0.04093,0.16239,0.07317,0.23224,0.12323,0.29347,0.11389,0.16813,0.23393,0.13569,0.32896,0.10795,0.37902,0.1089,0.44859,0.07159,0.52919,0.04193,0.62883,0.01446,0.72894,0.0068,0.807,0,0.8596,0,0.90372,0.05847,0.95547,0.13597,0.98262,0.19337,1,0.2393,1,0.31776,0.96905,0.3589,0.88747,0.42197,0.81196,0.47651,0.72063,0.52466,0.629,0.56772,0.57702,0.69702,0.49685,0.81843,0.42812,0.89784,0.343,0.97731,0.30652,1,0.15087,0.19136,0.20877,0.18286,0.27442,0.17187,0.37675,0.15546,0.44831,0.12973,0.54206,0.10002,0.61968,0.07518,0.67315,0.06333,0.75249,0.04918,0.80793,0.04266,0.85483,0.03509],"triangles":[42,43,1,43,0,1,42,1,41,1,2,41,41,2,40,2,3,40,40,3,39,39,3,38,4,47,38,38,3,4,4,5,45,45,18,44,4,45,46,6,18,5,45,5,18,38,49,37,7,10,6,6,10,18,7,8,10,37,50,36,36,50,51,8,9,10,51,52,36,36,52,35,35,52,53,35,53,30,34,35,31,29,53,54,53,29,30,10,11,18,33,34,32,31,35,30,11,17,18,11,12,17,34,31,32,12,16,17,12,13,16,13,15,16,13,14,15,54,28,29,47,4,46,47,48,38,48,49,38,46,21,47,49,50,37,44,18,19,45,44,20,45,20,46,20,44,19,46,20,21,47,22,48,47,21,22,48,23,49,48,22,23,23,24,49,49,24,50,50,25,51,50,24,25,51,26,52,51,25,26,53,52,27,52,26,27,53,27,54,54,27,28],"vertices":[1,40,513.96,-254.68,1,1,40,481.29,-256.16,1,1,40,430.55,-270.6,1,1,40,366.3,-291.08,1,1,40,341.37,-299.96,1,1,40,326.88,-350.75,1,1,40,302.32,-383.14,1,1,40,297.54,-424.92,1,1,40,277.48,-441.67,1,1,40,252.04,-444.73,1,1,40,224.34,-422.44,1,1,40,196.63,-444.9,1,1,40,163.07,-455.43,1,1,40,110.91,-461.7,1,1,40,76.58,-465.83,1,1,40,83.33,-452.64,1,1,40,106.66,-438.55,1,1,40,139.74,-415.93,1,1,40,167.26,-383.68,1,2,11,402.33,100.95,0.912,40,104.56,-396.62,0.088,2,11,333.61,83.7,0.912,40,79.94,-330.18,0.088,2,11,279.22,68.99,0.912,40,59.4,-277.71,0.088,2,11,250.48,69.17,0.912,40,56.45,-249.13,0.088,2,11,210.75,49.75,0.912,40,32.83,-211.75,0.088,2,11,164.65,34.16,0.968,40,12.32,-167.61,0.032,2,11,107.61,19.56,0.832,40,-8.4,-112.5,0.168,2,11,50.19,15.05,0.832,40,-19.12,-55.91,0.168,2,11,5.43,11.1,0.832,40,-27.91,-11.84,0.168,2,11,-24.76,10.78,0.832,40,-31.52,18.14,0.168,1,40,-4.99,46.83,1,1,40,30.63,81.04,1,1,40,57.78,100,1,1,40,79.79,112.69,1,1,40,119.44,117.46,1,1,40,142.35,102.32,1,1,40,179.82,59.66,1,1,40,212.56,19.94,1,1,40,243.15,-29.18,1,1,40,271.19,-78.78,1,1,40,340.1,-100.54,1,1,40,406.95,-138.86,1,1,40,451.79,-173.2,1,1,40,497.78,-216.88,1,1,40,511.75,-236.29,1,2,11,380.64,113.74,0.67505,40,111.44,-374.72,0.32495,2,11,347.44,108.98,0.68503,40,103.4,-342.15,0.31497,2,11,309.85,102.71,0.74641,40,93.42,-305.37,0.25359,2,11,251.27,93.27,0.81141,40,78.2,-248.02,0.18859,2,11,210.33,79.63,0.83574,40,60.56,-208.65,0.16426,2,11,156.71,63.89,0.78979,40,39.56,-156.86,0.21021,2,11,112.35,50.7,0.78423,40,22.02,-114.03,0.21577,2,11,81.78,44.24,0.68569,40,12.55,-84.26,0.31431,2,11,36.38,36.42,0.56203,40,0.25,-39.86,0.43797,2,11,4.64,32.66,0.44529,40,-6.65,-8.65,0.55471,2,11,-22.21,28.46,0.41481,40,-13.5,17.65,0.58519],"hull":44,"edges":[0,2,2,4,4,6,6,8,8,10,10,12,12,14,14,16,16,18,18,20,20,22,22,24,24,26,26,28,28,30,30,32,32,34,34,36,36,38,38,40,40,42,42,44,44,46,46,48,48,50,50,52,52,54,54,56,56,58,58,60,60,62,62,64,64,66,66,68,68,70,70,72,72,74,74,76,76,78,78,80,80,82,82,84,84,86,0,86],"width":574,"height":509}},"line4":{"line":{"type":"mesh","color":"2df3ffff","uvs":[1,1,0,1,0,0,1,0],"triangles":[1,2,3,1,3,0],"vertices":[59.06,-60.75,-74.71,-64.92,-51.21,64.41,53.35,86.1],"hull":4,"edges":[0,2,2,4,4,6,0,6],"width":119,"height":149}},"dau":{"dau":{"type":"mesh","uvs":[0.14358,1,0.11518,0.9635,0.10887,0.93924,0.05522,0.91623,0.0224,0.86646,0.02682,0.83412,0,0.80488,0,0.73521,0,0.66803,0.03705,0.61771,0.07681,0.55986,0.1109,0.54493,0.10837,0.43172,0.08249,0.29798,0.042,0.15813,0.00602,0.07042,0,0.02812,0,0,0.06283,0,0.13793,0.02914,0.21683,0.07392,0.33897,0.16063,0.43048,0.23652,0.48603,0.30371,0.55044,0.39788,0.59272,0.42401,0.64764,0.42028,0.75683,0.39477,0.85789,0.36554,0.93111,0.34252,0.9614,0.35932,0.9633,0.39539,0.93111,0.47004,0.85653,0.53632,0.79152,0.58608,0.87736,0.55933,0.93353,0.54751,1,0.54689,1,0.59123,0.95625,0.6522,0.88632,0.72317,0.80769,0.79155,0.7314,0.84274,0.65061,0.86513,0.56288,0.87633,0.49535,0.87944,0.4239,0.9254,0.40307,0.98636,0.38035,0.98699,0.36772,0.95029,0.35699,0.95091,0.34311,0.98885,0.31976,0.98512,0.30524,0.95402,0.2882,0.95464,0.27116,0.99632,0.24149,0.95962,0.23013,0.95962,0.21877,1,0.2011,0.99445,0.17459,0.95962,0.1626,1],"triangles":[2,57,60,46,49,50,1,2,60,52,53,50,47,49,46,48,49,47,51,52,50,59,60,57,55,56,54,0,1,60,61,0,60,58,59,57,11,46,50,50,53,11,11,53,54,2,9,57,9,56,57,54,56,9,42,43,34,43,44,34,16,17,18,15,16,18,19,14,15,19,15,18,20,13,14,20,14,19,13,20,21,12,13,21,12,21,22,29,31,28,32,28,31,31,29,30,33,27,28,33,28,32,12,24,11,23,12,22,34,27,33,26,27,34,36,37,38,39,36,38,39,40,35,39,35,36,34,35,40,7,8,9,41,34,40,5,6,7,9,5,7,26,34,25,42,34,41,34,44,25,25,45,24,23,24,12,44,45,25,45,11,24,9,2,5,2,3,5,4,5,3,46,11,45,11,9,10,11,54,9],"vertices":[1,11,405.66,138.96,1,1,11,427.29,111.38,1,1,11,432.23,92.94,1,1,11,472.71,75.84,1,1,11,497.76,38.19,1,1,11,494.71,13.5,1,1,11,515.08,-8.56,1,1,11,515.66,-61.64,1,1,11,516.21,-112.83,1,1,11,488.8,-151.47,1,1,11,459.41,-195.87,1,1,11,433.94,-207.52,1,1,11,436.76,-293.77,1,1,11,457.29,-395.46,1,1,11,488.84,-501.69,1,1,11,516.58,-568.23,1,1,11,521.45,-600.41,1,1,11,521.68,-621.84,1,1,11,474.5,-622.35,1,1,11,417.86,-600.75,1,1,11,358.24,-567.26,1,1,11,265.81,-502.18,1,1,11,196.47,-445.09,1,1,11,154.21,-394.35,1,1,11,105.06,-323.11,1,1,11,73.09,-303.55,1,1,11,31.89,-306.84,1,1,11,-49.9,-327.15,1,1,11,-125.56,-350.24,1,1,11,-180.35,-368.37,1,1,11,-203.24,-355.82,1,1,11,-204.95,-328.34,1,1,11,-181.39,-271.21,1,1,11,-125.93,-220.11,1,1,11,-77.52,-181.66,1,1,11,-141.76,-202.74,1,1,11,-183.85,-212.2,1,1,11,-233.76,-213.21,1,1,11,-234.12,-179.42,1,1,11,-201.77,-132.62,1,1,11,-149.84,-77.97,1,1,11,-91.35,-25.23,1,2,11,-34.48,14.39,0.04,40,-28.98,28.19,0.96,2,11,26.01,32.1,0.616,40,-4.8,-30.01,0.384,2,11,91.8,41.34,0.48,40,11.54,-94.41,0.52,1,11,142.49,44.26,1,1,11,195.77,79.85,1,1,11,210.91,126.47,1,1,11,227.97,127.13,1,1,11,237.75,99.27,1,1,11,245.8,99.83,1,1,11,255.92,128.85,1,1,11,273.48,126.2,1,1,11,284.64,102.62,1,1,11,297.43,103.23,1,1,11,309.89,135.12,1,1,11,332.47,107.4,1,1,11,341,107.49,1,1,11,349.2,138.35,1,1,11,362.52,134.26,1,1,11,382.71,107.94,1,1,11,391.38,138.8,1],"hull":62,"edges":[0,2,2,4,4,6,6,8,8,10,10,12,12,14,14,16,16,18,18,20,20,22,22,24,24,26,26,28,28,30,30,32,32,34,34,36,36,38,38,40,40,42,42,44,44,46,46,48,48,50,50,52,52,54,54,56,56,58,58,60,60,62,62,64,64,66,66,68,68,70,70,72,72,74,74,76,76,78,78,80,80,82,82,84,84,86,86,88,88,90,90,92,92,94,94,96,96,98,98,100,100,102,102,104,104,106,106,108,108,110,110,112,112,114,114,116,116,118,118,120,120,122,0,122],"width":751,"height":762}},"eyes_closed_l":{"eyes_closed_l":{"type":"mesh","uvs":[1,1,0,1,0,0,1,0],"triangles":[1,2,3,1,3,0],"vertices":[-18.74,11.48,9.26,11.78,9.66,-25.21,-18.34,-25.52],"hull":4,"edges":[0,2,2,4,4,6,0,6],"width":28,"height":37}},"eyes_closed_l2":{"eyes_closed_l2":{"type":"mesh","uvs":[1,1,0,1,0,0,1,0],"triangles":[1,2,3,1,3,0],"vertices":[-29.19,27.11,20.81,27.65,21.39,-26.35,-28.6,-26.88],"hull":4,"edges":[0,2,2,4,4,6,0,6],"width":50,"height":54}},"line":{"line":{"type":"mesh","color":"2df3ffff","uvs":[1,1,0,1,0,0,1,0],"triangles":[1,2,3,1,3,0],"vertices":[71.56,-61.77,-47.44,-62.87,-48.81,86.12,70.18,87.22],"hull":4,"edges":[0,2,2,4,4,6,0,6],"width":119,"height":149}},"line8":{"line":{"type":"mesh","color":"2df3ffff","uvs":[1,1,0,1,0,0,1,0],"triangles":[1,2,3,1,3,0],"vertices":[79.98,23.45,-1.82,-79.71,-100.46,9.98,-15.61,108.06],"hull":4,"edges":[0,2,2,4,4,6,0,6],"width":119,"height":149}},"line2":{"line":{"type":"mesh","color":"2df3ffff","uvs":[1,1,0,1,0,0,1,0],"triangles":[1,2,3,1,3,0],"vertices":[70.33,-82.13,-77.82,-44.77,-40.85,64.57,60.57,93.41],"hull":4,"edges":[0,2,2,4,4,6,0,6],"width":119,"height":149}},"chan L":{"chan L":{"type":"mesh","uvs":[0.52769,0,0.38105,0.0461,0.26775,0.136,0.19221,0.21516,0.07629,0.35261,0.04074,0.42909,0.01186,0.5324,0,0.58473,0,0.68267,0.0204,0.73532,0.02511,0.74748,0.02963,0.75915,0.05625,0.75939,0.07849,0.75958,0.18071,0.76049,0.39622,0.73634,0.62886,0.7006,0.64949,0.69743,0.49397,0.76318,0.28735,0.8316,0.23181,0.90271,0.24736,0.96711,0.33845,0.98053,0.39621,0.9282,0.45176,0.99663,0.52285,1,0.57173,0.93357,0.60283,0.99529,0.73169,0.99663,0.78723,0.96175,0.89388,0.93625,0.94275,0.87185,0.95608,0.78867,0.96719,0.63706,0.95604,0.55723,0.95385,0.5415,0.95164,0.52569,0.96784,0.50726,0.97839,0.49526,1,0.47068,1,0.43983,0.845,0.43983,0.68948,0.46934,0.58989,0.50579,0.54285,0.52301,0.57026,0.50694,0.69392,0.43446,0.845,0.31371,0.87832,0.22113,0.87166,0.11245,0.83833,0.02926,0.67837,0,0.21722,0.66517,0.83806,0.57452,0.05545,0.74621,0.51625,0.53462,0.66825,0.68521,0.9351,0.53281],"triangles":[53,34,33,56,17,16,33,56,53,32,56,33,32,17,56,31,17,32,23,19,18,20,19,23,26,18,17,29,26,17,23,18,26,17,31,29,30,29,31,21,20,23,22,21,23,28,27,26,24,23,26,25,24,26,29,28,26,41,40,39,38,41,39,38,57,41,38,37,57,36,57,37,55,44,43,57,36,35,57,35,34,53,42,41,53,41,57,53,57,34,53,56,43,53,43,42,55,43,56,52,55,15,55,56,16,16,15,55,54,14,13,52,14,54,14,52,15,50,49,51,48,46,49,51,49,0,48,47,46,0,49,46,0,46,1,46,2,1,46,3,2,46,45,3,45,4,3,5,4,55,4,45,55,55,6,5,55,45,44,52,6,55,7,6,52,8,7,52,54,9,8,52,54,8,10,9,54,11,10,54,13,12,54,11,54,12],"vertices":[1,28,-75.07,-76.84,1,1,28,-18.54,-120.75,1,1,28,60.51,-138.44,1,1,28,125.74,-144.49,1,1,28,236.25,-148.98,1,1,28,292.5,-140.09,1,1,28,365.04,-120.55,1,2,28,401.28,-109.57,0.99605,29,-77.76,78.3,0.00395,2,28,465.1,-80.27,0.80953,29,-94.38,10.07,0.19047,2,28,495.72,-56.49,0.64076,29,-94.73,-28.7,0.35924,2,28,502.79,-51,0.61527,29,-94.82,-37.65,0.38473,2,28,509.58,-45.73,0.60583,29,-94.89,-46.25,0.39417,2,28,504.93,-35.18,0.58816,29,-83.74,-49.14,0.41184,2,28,501.04,-26.37,0.55403,29,-74.41,-51.55,0.44597,2,28,483.16,14.13,0.2693,29,-31.56,-62.66,0.7307,2,29,63.2,-67.92,0.99962,30,165.21,-150.93,3.8E-4,2,29,167.14,-66.87,0.61065,30,112.29,-61.47,0.38935,2,29,176.35,-66.77,0.37717,30,107.6,-53.54,0.62283,2,29,99.77,-96.63,0.00353,30,171.77,-104.9,0.99647,1,30,244.02,-176.95,1,1,30,299.71,-185.69,1,1,30,342.13,-166.24,1,1,30,340.26,-125.69,1,1,30,297.23,-112.24,1,1,30,337.54,-75.36,1,1,30,331.2,-45.14,1,1,30,279.54,-38.23,1,1,30,318.22,-12.85,1,1,30,303.45,40.96,1,1,30,272.68,57,1,1,30,242.16,96.17,1,1,30,191.89,103.5,1,1,30,133.03,92.26,1,2,29,320.25,-57.27,0.0025,30,27.36,66.3,0.9975,2,29,329.11,-0.52,0.40942,30,-26.21,45.57,0.59058,2,29,330.86,10.67,0.55759,30,-36.76,41.48,0.44241,2,29,332.61,21.9,0.70323,30,-47.37,37.38,0.29677,2,29,342.55,33.08,0.81674,30,-62.02,40.39,0.18326,2,29,349.03,40.36,0.86613,30,-71.56,42.36,0.13387,2,29,362.29,55.27,0.91574,30,-91.11,46.38,0.08426,2,29,367.53,76.77,0.93042,30,-112.34,40.16,0.06958,2,29,302.32,92.65,0.97919,30,-93.46,-24.25,0.02081,2,28,201.53,127.24,0.01566,29,231.88,88.02,0.98434,2,28,243.27,98.95,0.14491,29,183.8,72.84,0.85509,2,28,262.99,85.59,0.42297,29,161.09,65.66,0.57703,2,28,247.57,91.57,0.6721,29,175.35,74.05,0.3279,2,28,178,118.55,0.96317,29,239.67,111.87,0.03683,2,28,72.02,141.88,1,29,323.72,180.51,0,1,28,5.68,127.29,1,1,28,-63.94,92.16,1,1,28,-112.12,54.16,1,1,28,-102.29,-17.54,1,2,28,414.45,-0.02,0.54389,29,-0.03,0,0.45611,2,29,276.54,-0.47,0.4836,30,0.06,0.03,0.5164,2,28,496.49,-39.43,0.59604,29,-81.84,-39.88,0.40396,2,28,275.36,78.59,0.41611,29,147.92,60.3,0.58389,2,29,186.32,-60.18,0.41436,30,96.9,-48.21,0.58564,2,29,324.44,18.64,0.64492,30,-40.46,31.94,0.35508],"hull":52,"edges":[0,2,2,4,4,6,6,8,8,10,10,12,12,14,14,16,28,30,34,36,36,38,38,40,40,42,42,44,44,46,46,48,48,50,50,52,52,54,54,56,56,58,58,60,60,62,62,64,64,66,78,80,80,82,82,84,92,94,94,96,96,98,98,100,100,102,0,102,20,22,22,108,108,104,20,108,22,24,108,24,16,18,18,20,18,108,24,26,26,28,108,26,88,110,110,104,88,90,90,92,110,90,84,86,86,88,110,86,30,32,32,34,34,112,112,106,32,112,72,74,72,114,114,106,74,114,74,76,76,78,114,76,66,68,114,68,68,70,70,72,114,70],"width":433,"height":717}},"line3":{"line":{"type":"mesh","color":"2df3ffff","uvs":[1,1,0,1,0,0,1,0],"triangles":[1,2,3,1,3,0],"vertices":[55.42,-63.73,-60.33,-46.65,-40.93,45.23,56,83.97],"hull":4,"edges":[0,2,2,4,4,6,0,6],"width":119,"height":149}}}}],"animations":{"attack":{"bones":{"than2":{"rotate":[{"curve":0.173,"c2":0.51,"c3":0.532,"c4":0.95},{"time":0.4,"angle":-37.53,"curve":0.49,"c2":0.08,"c3":0.813,"c4":0.52},{"time":0.5,"angle":7.34,"curve":"stepped"},{"time":0.8,"angle":7.34},{"time":1.1333}]},"dau":{"rotate":[{},{"time":0.4,"angle":-16.14},{"time":0.5,"angle":-9.5,"curve":"stepped"},{"time":0.8,"angle":-9.5},{"time":1.1333}]},"lower_jaw":{"rotate":[{},{"time":0.4,"angle":-19.09},{"time":0.5,"angle":5.73,"curve":"stepped"},{"time":0.8,"angle":5.73},{"time":1.1333}]},"tay R3":{"rotate":[{},{"time":0.2,"angle":-100.22},{"time":0.4,"angle":-162.99},{"time":0.4333,"angle":-87.75},{"time":0.4667,"angle":-37.89},{"time":0.5,"angle":-3.61,"curve":"stepped"},{"time":0.8,"angle":-3.61},{"time":1.1333}],"translate":[{},{"time":0.2,"x":-210.94,"y":1237.62},{"time":0.4,"x":540.36,"y":1888.64},{"time":0.4333,"x":-438.17,"y":1342.21},{"time":0.4667,"x":-606.44,"y":587.97},{"time":0.5,"x":-370.43,"y":-0.42,"curve":"stepped"},{"time":0.8,"x":-370.43,"y":-0.42},{"time":1.1333}]},"chan L3":{"rotate":[{},{"time":0.1667,"angle":24.23},{"time":0.3333,"angle":14.02,"curve":"stepped"},{"time":0.8,"angle":14.02},{"time":1.1333}],"translate":[{},{"time":0.1667,"x":134.61,"y":86.6},{"time":0.3333,"x":346.2,"y":-28.87,"curve":"stepped"},{"time":0.8,"x":346.2,"y":-28.87},{"time":1.1333}]},"bone3":{"rotate":[{"curve":0.173,"c2":0.51,"c3":0.532,"c4":0.95},{"time":0.4,"angle":-16.73,"curve":0.49,"c2":0.08,"c3":0.813,"c4":0.52},{"time":0.5,"angle":5.55,"curve":"stepped"},{"time":0.8,"angle":5.55},{"time":1.1333}],"translate":[{"curve":0.173,"c2":0.51,"c3":0.532,"c4":0.95},{"time":0.4,"x":37.66,"y":10.72,"curve":0.49,"c2":0.08,"c3":0.813,"c4":0.52},{"time":0.5,"x":-155.99,"y":-53.1,"curve":"stepped"},{"time":0.8,"x":-155.99,"y":-53.1},{"time":1.1333}]},"fx/P103588/321093122":{"rotate":[{"time":0.4,"angle":-153.24},{"time":0.4333,"angle":-89.33},{"time":0.4667,"angle":-46.25},{"time":0.5,"angle":11.36}],"translate":[{"time":0.4,"x":667.48,"y":1928.15},{"time":0.4333,"x":-352.44,"y":1440.87},{"time":0.4667,"x":-596.05,"y":647.87},{"time":0.5,"x":-396.24,"y":-0.4},{"time":0.5667,"x":-413.37,"y":-28.38},{"time":0.6,"x":-387.29,"y":5.69},{"time":0.6333,"x":-391.29,"y":-9.74}],"scale":[{"time":0.4,"x":1.219,"y":1.894}]},"than3":{"rotate":[{"angle":0.61,"curve":0.367,"c2":0.63,"c3":0.705},{"time":0.0333,"curve":0.25,"c3":0.75},{"time":0.2333,"angle":4.77,"curve":0.25,"c3":0.75},{"time":0.4333,"angle":-1.41,"curve":0.25,"c3":0.75},{"time":0.5333,"angle":10.51,"curve":0.25,"c3":0.75},{"time":0.7333,"angle":2.39,"curve":0.25,"c3":0.75},{"time":0.9333,"angle":7.86,"curve":0.244,"c3":0.697,"c4":0.78},{"time":1.1333,"angle":0.61}]},"than4":{"rotate":[{"angle":1.97,"curve":0.381,"c2":0.59,"c3":0.729},{"time":0.0667,"curve":0.25,"c3":0.75},{"time":0.2667,"angle":5.86,"curve":0.25,"c3":0.75},{"time":0.4667,"angle":-1.01,"curve":0.25,"c3":0.75},{"time":0.5667,"angle":12.1,"curve":0.25,"c3":0.75},{"time":0.7667,"angle":1.54,"curve":0.25,"c3":0.75},{"time":0.9667,"angle":8.76,"curve":0.243,"c3":0.658,"c4":0.64},{"time":1.1333,"angle":1.97}]},"than5":{"rotate":[{"angle":2.73,"curve":0.38,"c2":0.53,"c3":0.745},{"time":0.1,"curve":0.25,"c3":0.75},{"time":0.3,"angle":5.36,"curve":0.25,"c3":0.75},{"time":0.5,"angle":-1.92,"curve":0.25,"c3":0.75},{"time":0.6,"angle":11.16,"curve":0.25,"c3":0.75},{"time":0.8,"angle":-0.54,"curve":0.25,"c3":0.75},{"time":1,"angle":6.74,"curve":0.246,"c3":0.633,"c4":0.54},{"time":1.1333,"angle":2.73}]},"than6":{"rotate":[{"angle":1.93,"curve":0.367,"c2":0.46,"c3":0.754},{"time":0.1333,"curve":0.25,"c3":0.75},{"time":0.3333,"angle":7.59,"curve":0.25,"c3":0.75},{"time":0.5333,"angle":-0.47,"curve":0.25,"c3":0.75},{"time":0.6333,"angle":12.49,"curve":0.25,"c3":0.75},{"time":0.8333,"angle":-8.07,"curve":0.25,"c3":0.75},{"time":1.0333,"angle":3.25,"curve":0.255,"c3":0.62,"c4":0.47},{"time":1.1333,"angle":1.93}]},"than7":{"rotate":[{"angle":25.62,"curve":0.342,"c2":0.36,"c3":0.757},{"time":0.1667,"curve":0.25,"c3":0.75},{"time":0.3667,"angle":10.51,"curve":0.25,"c3":0.75},{"time":0.5667,"angle":-18.64,"curve":0.25,"c3":0.75},{"time":0.6667,"angle":11.94,"curve":0.25,"c3":0.75},{"time":0.8667,"angle":-22.84,"curve":0.25,"c3":0.75},{"time":1.0667,"angle":33.03,"curve":0.271,"c3":0.619,"c4":0.41},{"time":1.1333,"angle":25.62}]}}},"attack2":{"bones":{"tay R3":{"rotate":[{"time":0.7333},{"time":0.9333,"angle":-0.61,"curve":"stepped"},{"time":1.2,"angle":-0.61},{"time":1.5333}],"translate":[{"time":0.4},{"time":0.5667,"x":189.22,"y":93.77},{"time":0.7333,"x":271.27},{"time":0.8333,"x":98.62,"y":199.24},{"time":0.9333,"x":-36.32,"y":2.63,"curve":"stepped"},{"time":1.2,"x":-36.32,"y":2.63},{"time":1.5333}]},"tay L3":{"rotate":[{"time":0.7333},{"time":0.9333,"angle":-3.14,"curve":"stepped"},{"time":1.2,"angle":-3.14},{"time":1.5333}],"translate":[{},{"time":0.2,"x":160.75,"y":53.58},{"time":0.4,"x":234.43,"curve":"stepped"},{"time":0.7333,"x":234.43},{"time":0.8333,"x":56.53,"y":197.93},{"time":0.9333,"x":-83.68,"curve":"stepped"},{"time":1.2,"x":-83.68},{"time":1.5333}]},"chan R3":{"rotate":[{"time":0.8333},{"time":0.9333,"angle":9.15,"curve":"stepped"},{"time":1.2,"angle":9.15},{"time":1.5333}],"translate":[{"time":0.2667},{"time":0.4,"x":237.78,"y":66.98},{"time":0.5333,"x":331.55,"y":-6.7,"curve":"stepped"},{"time":0.8333,"x":331.55,"y":-6.7},{"time":0.9333,"x":260.57,"y":-5.16,"curve":"stepped"},{"time":1.2,"x":260.57,"y":-5.16},{"time":1.5333}]},"chan L3":{"rotate":[{"time":0.8333},{"time":0.9333,"angle":8.36,"curve":"stepped"},{"time":1.2,"angle":8.36},{"time":1.5333}],"translate":[{},{"time":0.1333,"x":154.05,"y":77.03},{"time":0.2667,"x":341.6,"y":-13.4,"curve":"stepped"},{"time":0.8333,"x":341.6,"y":-13.4},{"time":0.9333,"x":194.37,"y":-13.4,"curve":"stepped"},{"time":1.2,"x":194.37,"y":-13.4},{"time":1.5333}]},"lower_jaw":{"rotate":[{},{"time":0.5333,"angle":-6.56,"curve":"stepped"},{"time":0.7333,"angle":-6.56},{"time":0.8333,"angle":10.77},{"time":0.9333,"angle":-6.56,"curve":"stepped"},{"time":1.2,"angle":-6.56},{"time":1.5333}],"scale":[{"time":0.7333},{"time":0.8333,"x":1.075,"y":1.075},{"time":0.9333}]},"dau":{"rotate":[{},{"time":0.5333,"angle":7.03,"curve":"stepped"},{"time":0.7333,"angle":7.03},{"time":0.8333,"angle":-9.44},{"time":0.9333,"angle":7.03,"curve":"stepped"},{"time":1.2,"angle":7.03},{"time":1.5333}],"scale":[{"time":0.7333},{"time":0.8333,"x":1.075,"y":1.075},{"time":0.9333}]},"bone3":{"rotate":[{},{"time":0.2667,"angle":4.1,"curve":"stepped"},{"time":0.7333,"angle":4.1},{"time":0.8333,"angle":6.95},{"time":0.9333,"angle":15.69,"curve":"stepped"},{"time":1.2,"angle":15.69},{"time":1.5333}],"translate":[{},{"time":0.2667,"x":137.31,"curve":"stepped"},{"time":0.7333,"x":137.31,"curve":0.171,"c2":0.49,"c3":0.657,"c4":0.97},{"time":0.8333,"x":-88.78,"y":89.39,"curve":0.437,"c2":0.09,"c3":0.833,"c4":0.6},{"time":0.9333,"x":-214.98,"y":-68.35,"curve":"stepped"},{"time":1.2,"x":-214.98,"y":-68.35},{"time":1.5333}]},"than2":{"rotate":[{},{"time":0.5333,"angle":7.03,"curve":"stepped"},{"time":0.7333,"angle":7.03},{"time":0.8333,"angle":-19.5},{"time":0.9333,"angle":-7.07,"curve":"stepped"},{"time":1.2,"angle":-7.07},{"time":1.5333}],"translate":[{"time":0.8333},{"time":0.9333,"x":-94.35,"y":-17.42,"curve":"stepped"},{"time":1.2,"x":-94.35,"y":-17.42},{"time":1.5333}]},"bone":{"translate":[{"time":0.9,"curve":0.25,"c3":0.75},{"time":0.9333,"x":-140.6},{"time":0.9667,"curve":0.25,"c3":0.75},{"time":1,"x":-68.4},{"time":1.0333}]},"than3":{"rotate":[{"angle":0.46,"curve":0.371,"c2":0.62,"c3":0.71},{"time":0.0333,"curve":0.25,"c3":0.75},{"time":0.3,"angle":-8.8,"curve":0.25,"c3":0.75},{"time":0.5667,"angle":2.08,"curve":0.25,"c3":0.75},{"time":0.8333,"angle":-8.1,"curve":0.25,"c3":0.75},{"time":0.9667,"angle":5.11,"curve":0.25,"c3":0.75},{"time":1.1667,"angle":-9.35,"curve":0.25,"c3":0.75},{"time":1.3667,"angle":4.75,"curve":0.243,"c3":0.689,"c4":0.75},{"time":1.5333,"angle":0.46}]},"than4":{"rotate":[{"angle":1.35,"curve":0.382,"c2":0.57,"c3":0.735},{"time":0.0667,"curve":0.25,"c3":0.75},{"time":0.3333,"angle":-8.8,"curve":0.25,"c3":0.75},{"time":0.6,"angle":2.08,"curve":0.25,"c3":0.75},{"time":0.8667,"angle":-8.1,"curve":0.25,"c3":0.75},{"time":1,"angle":5.11,"curve":0.25,"c3":0.75},{"time":1.2,"angle":-9.35,"curve":0.25,"c3":0.75},{"time":1.4,"angle":4.75,"curve":0.243,"c3":0.649,"c4":0.6},{"time":1.5333,"angle":1.35}]},"than5":{"rotate":[{"angle":2.37,"curve":0.375,"c2":0.5,"c3":0.75},{"time":0.1,"curve":0.25,"c3":0.75},{"time":0.3667,"angle":-8.8,"curve":0.25,"c3":0.75},{"time":0.6333,"angle":2.08,"curve":0.25,"c3":0.75},{"time":0.9,"angle":-8.1,"curve":0.25,"c3":0.75},{"time":1.0333,"angle":5.11,"curve":0.25,"c3":0.75},{"time":1.2333,"angle":-9.35,"curve":0.25,"c3":0.75},{"time":1.4333,"angle":4.75,"curve":0.25,"c3":0.625,"c4":0.5},{"time":1.5333,"angle":2.37}]},"than6":{"rotate":[{"angle":3.4,"curve":0.351,"c2":0.4,"c3":0.757},{"time":0.1333,"curve":0.25,"c3":0.75},{"time":0.4,"angle":-8.8,"curve":0.25,"c3":0.75},{"time":0.6667,"angle":2.08,"curve":0.25,"c3":0.75},{"time":0.9333,"angle":-8.1,"curve":0.25,"c3":0.75},{"time":1.0667,"angle":5.11,"curve":0.25,"c3":0.75},{"time":1.2667,"angle":-9.35,"curve":0.25,"c3":0.75},{"time":1.4667,"angle":4.75,"curve":0.265,"c3":0.618,"c4":0.43},{"time":1.5333,"angle":3.4}]},"than7":{"rotate":[{"angle":4.29,"curve":0.311,"c2":0.25,"c3":0.757},{"time":0.1667,"curve":0.25,"c3":0.75},{"time":0.4333,"angle":-8.8,"curve":0.25,"c3":0.75},{"time":0.7,"angle":2.08,"curve":0.25,"c3":0.75},{"time":0.9667,"angle":-8.1,"curve":0.25,"c3":0.75},{"time":1.1,"angle":5.11,"curve":0.25,"c3":0.75},{"time":1.3,"angle":-9.35,"curve":0.25,"c3":0.75},{"time":1.5,"angle":4.75,"curve":0.29,"c3":0.629,"c4":0.38},{"time":1.5333,"angle":4.29}]}}},"attack3":{"slots":{"line3":{"color":[{"time":0.6667,"color":"ffffff00"},{"time":0.7667,"color":"ffffffff"},{"time":0.8333,"color":"ffffff4e"},{"time":0.9,"color":"ffffffb2"},{"time":0.9667,"color":"ffffff59"},{"time":1.0333,"color":"ffffffd1"},{"time":1.1,"color":"ffffff5a"},{"time":1.1667,"color":"ffffffff"},{"time":1.3333,"color":"ffffff00"}]},"line7":{"color":[{"time":0.6667,"color":"ffffff00"},{"time":0.7667,"color":"ffffffff"},{"time":0.8333,"color":"ffffff4e"},{"time":0.9,"color":"ffffffb2"},{"time":0.9667,"color":"ffffff59"},{"time":1.0333,"color":"ffffffd1"},{"time":1.1,"color":"ffffff5a"},{"time":1.1667,"color":"ffffffff"},{"time":1.3333,"color":"ffffff00"}]},"line":{"color":[{"time":0.6667,"color":"ffffff00"},{"time":0.7667,"color":"ffffffff"},{"time":0.8333,"color":"ffffff4e"},{"time":0.9,"color":"ffffffb2"},{"time":0.9667,"color":"ffffff59"},{"time":1.0333,"color":"ffffffd1"},{"time":1.1,"color":"ffffff5a"},{"time":1.1667,"color":"ffffffff"},{"time":1.3333,"color":"ffffff00"}]},"dan":{"color":[{"time":1.2,"color":"ffffffff"},{"time":1.2667,"color":"ffffff00"}],"attachment":[{"time":0.6667,"name":"dan"}]},"line5":{"color":[{"time":0.6667,"color":"ffffff00"},{"time":0.7667,"color":"ffffffff"},{"time":0.8333,"color":"ffffff4e"},{"time":0.9,"color":"ffffffb2"},{"time":0.9667,"color":"ffffff59"},{"time":1.0333,"color":"ffffffd1"},{"time":1.1,"color":"ffffff5a"},{"time":1.1667,"color":"ffffffff"},{"time":1.3333,"color":"ffffff00"}]},"line2":{"color":[{"time":0.6667,"color":"ffffff00"},{"time":0.7667,"color":"ffffffff"},{"time":0.8333,"color":"ffffff4e"},{"time":0.9,"color":"ffffffb2"},{"time":0.9667,"color":"ffffff59"},{"time":1.0333,"color":"ffffffd1"},{"time":1.1,"color":"ffffff5a"},{"time":1.1667,"color":"ffffffff"},{"time":1.3333,"color":"ffffff00"}]},"line8":{"color":[{"time":0.6667,"color":"ffffff00"},{"time":0.7667,"color":"ffffffff"},{"time":0.8333,"color":"ffffff4e"},{"time":0.9,"color":"ffffffb2"},{"time":0.9667,"color":"ffffff59"},{"time":1.0333,"color":"ffffffd1"},{"time":1.1,"color":"ffffff5a"},{"time":1.1667,"color":"ffffffff"},{"time":1.3333,"color":"ffffff00"}]},"line6":{"color":[{"time":0.6667,"color":"ffffff00"},{"time":0.7667,"color":"ffffffff"},{"time":0.8333,"color":"ffffff4e"},{"time":0.9,"color":"ffffffb2"},{"time":0.9667,"color":"ffffff59"},{"time":1.0333,"color":"ffffffd1"},{"time":1.1,"color":"ffffff5a"},{"time":1.1667,"color":"ffffffff"},{"time":1.3333,"color":"ffffff00"}]},"line9":{"color":[{"time":0.6667,"color":"ffffff00"},{"time":0.7667,"color":"ffffffff"},{"time":0.8333,"color":"ffffff4e"},{"time":0.9,"color":"ffffffb2"},{"time":0.9667,"color":"ffffff59"},{"time":1.0333,"color":"ffffffd1"},{"time":1.1,"color":"ffffff5a"},{"time":1.1667,"color":"ffffffff"},{"time":1.3333,"color":"ffffff00"}]},"line4":{"color":[{"time":0.6667,"color":"ffffff00"},{"time":0.7667,"color":"ffffffff"},{"time":0.8333,"color":"ffffff4e"},{"time":0.9,"color":"ffffffb2"},{"time":0.9667,"color":"ffffff59"},{"time":1.0333,"color":"ffffffd1"},{"time":1.1,"color":"ffffff5a"},{"time":1.1667,"color":"ffffffff"},{"time":1.3333,"color":"ffffff00"}]}},"bones":{"chan L3":{"translate":[{},{"time":0.1333,"x":121.72,"y":84.27},{"time":0.2667,"x":268.41,"y":-6.24,"curve":"stepped"},{"time":1.4667,"x":268.41,"y":-6.24},{"time":1.8333}]},"chan R3":{"translate":[{"time":0.2667},{"time":0.4,"x":187.26,"y":74.9},{"time":0.5333,"x":358.92,"y":-6.24,"curve":"stepped"},{"time":1.4667,"x":358.92,"y":-6.24},{"time":1.8333}]},"tay R3":{"translate":[{"time":0.4},{"time":0.5333,"x":193.5,"y":71.78},{"time":0.6667,"x":315.22,"y":21.85,"curve":"stepped"},{"time":1.4667,"x":315.22,"y":21.85},{"time":1.8333}]},"tay L3":{"translate":[{"time":0.2},{"time":0.3333,"x":-46.82,"y":87.39},{"time":0.4667,"x":-143.57,"y":-12.48,"curve":"stepped"},{"time":1.4667,"x":-143.57,"y":-12.48},{"time":1.8333}]},"than3":{"rotate":[{"angle":0.93,"curve":0.381,"c2":0.59,"c3":0.729},{"time":0.0667,"curve":0.25,"c3":0.75},{"time":0.3333,"angle":-8.6,"curve":0.25,"c3":0.75},{"time":0.6,"angle":4.86,"curve":0.25,"c3":0.75},{"time":0.8667,"angle":-9.66,"curve":0.25,"c3":0.75},{"time":1,"angle":0.57,"curve":0.25,"c3":0.75},{"time":1.1333,"angle":-8.81,"curve":0.25,"c3":0.75},{"time":1.2667,"angle":4.86,"curve":0.25,"c3":0.75},{"time":1.4667,"angle":-5.99,"curve":0.25,"c3":0.75},{"time":1.6667,"angle":4.14,"curve":0.243,"c3":0.658,"c4":0.64},{"time":1.8333,"angle":0.93}]},"than4":{"rotate":[{"angle":1.68,"curve":0.38,"c2":0.53,"c3":0.745},{"time":0.1,"curve":0.25,"c3":0.75},{"time":0.3667,"angle":-8.6,"curve":0.25,"c3":0.75},{"time":0.6333,"angle":4.86,"curve":0.25,"c3":0.75},{"time":0.9,"angle":-9.66,"curve":0.25,"c3":0.75},{"time":1.0333,"angle":0.57,"curve":0.25,"c3":0.75},{"time":1.1667,"angle":-8.81,"curve":0.25,"c3":0.75},{"time":1.3,"angle":4.86,"curve":0.25,"c3":0.75},{"time":1.5,"angle":-5.99,"curve":0.25,"c3":0.75},{"time":1.7,"angle":4.14,"curve":0.246,"c3":0.633,"c4":0.54},{"time":1.8333,"angle":1.68}]},"than5":{"rotate":[{"angle":2.46,"curve":0.367,"c2":0.46,"c3":0.754},{"time":0.1333,"curve":0.25,"c3":0.75},{"time":0.4,"angle":-8.6,"curve":0.25,"c3":0.75},{"time":0.6667,"angle":4.86,"curve":0.25,"c3":0.75},{"time":0.9333,"angle":-9.66,"curve":0.25,"c3":0.75},{"time":1.0667,"angle":0.57,"curve":0.25,"c3":0.75},{"time":1.2,"angle":-8.81,"curve":0.25,"c3":0.75},{"time":1.3333,"angle":4.86,"curve":0.25,"c3":0.75},{"time":1.5333,"angle":-5.99,"curve":0.25,"c3":0.75},{"time":1.7333,"angle":4.14,"curve":0.255,"c3":0.62,"c4":0.47},{"time":1.8333,"angle":2.46}]},"than6":{"rotate":[{"angle":3.21,"curve":0.342,"c2":0.36,"c3":0.757},{"time":0.1667,"curve":0.25,"c3":0.75},{"time":0.4333,"angle":-8.6,"curve":0.25,"c3":0.75},{"time":0.7,"angle":4.86,"curve":0.25,"c3":0.75},{"time":0.9667,"angle":-9.66,"curve":0.25,"c3":0.75},{"time":1.1,"angle":0.57,"curve":0.25,"c3":0.75},{"time":1.2333,"angle":-8.81,"curve":0.25,"c3":0.75},{"time":1.3667,"angle":4.86,"curve":0.25,"c3":0.75},{"time":1.5667,"angle":-5.99,"curve":0.25,"c3":0.75},{"time":1.7667,"angle":4.14,"curve":0.271,"c3":0.619,"c4":0.41},{"time":1.8333,"angle":3.21}]},"than7":{"rotate":[{"angle":3.82,"curve":0.303,"c2":0.22,"c3":0.756},{"time":0.2,"curve":0.25,"c3":0.75},{"time":0.4667,"angle":-8.6,"curve":0.25,"c3":0.75},{"time":0.7333,"angle":4.86,"curve":0.25,"c3":0.75},{"time":1,"angle":-9.66,"curve":0.25,"c3":0.75},{"time":1.1333,"angle":0.57,"curve":0.25,"c3":0.75},{"time":1.2667,"angle":-8.81,"curve":0.25,"c3":0.75},{"time":1.4,"angle":4.86,"curve":0.25,"c3":0.75},{"time":1.6,"angle":-5.99,"curve":0.25,"c3":0.75},{"time":1.8,"angle":4.14,"curve":0.295,"c3":0.633,"c4":0.37},{"time":1.8333,"angle":3.82}]},"bone3":{"rotate":[{},{"time":0.4,"angle":12.46,"curve":"stepped"},{"time":1.1667,"angle":12.46},{"time":1.2333,"angle":6.12,"curve":"stepped"},{"time":1.4667,"angle":6.12},{"time":1.8333}],"translate":[{},{"time":0.4,"x":-58.62,"y":-53.74},{"time":0.6667,"x":-58.62,"y":-87.35},{"time":0.7333,"x":-63.99,"y":-87.35},{"time":0.8,"x":-47.06,"y":-87.35},{"time":0.8667,"x":-63.99,"y":-87.35},{"time":0.9333,"x":-47.06,"y":-87.35},{"time":1,"x":-63.99,"y":-87.35},{"time":1.0667,"x":-47.06,"y":-87.35},{"time":1.1667,"x":-58.62,"y":-87.35},{"time":1.2333,"x":63.4,"y":-100.43,"curve":"stepped"},{"time":1.4667,"x":63.4,"y":-100.43},{"time":1.8333}]},"than2":{"rotate":[{},{"time":0.2667,"angle":1.91},{"time":0.5333,"angle":-6.64,"curve":"stepped"},{"time":1.1667,"angle":-6.64},{"time":1.2333,"angle":-11.04,"curve":"stepped"},{"time":1.4667,"angle":-11.04},{"time":1.8333}]},"dau":{"rotate":[{},{"time":0.2667,"angle":1.91},{"time":0.5333,"angle":-11.04,"curve":"stepped"},{"time":1.1667,"angle":-11.04},{"time":1.2333,"angle":-14.89,"curve":"stepped"},{"time":1.4667,"angle":-14.89},{"time":1.8333}]},"lower_jaw":{"rotate":[{},{"time":0.2667,"angle":1.91},{"time":0.5333,"angle":-11.04,"curve":"stepped"},{"time":1.1667,"angle":-11.04},{"time":1.2333,"angle":-0.81,"curve":"stepped"},{"time":1.4667,"angle":-0.81},{"time":1.8333}]},"dan":{"translate":[{"time":0.6667,"x":-94.76,"y":-46.45,"curve":"stepped"},{"time":1.1667,"x":-94.76,"y":-46.45,"curve":0.25,"c3":0.75},{"time":1.2333,"x":-1212.86,"y":-46.45}],"scale":[{"time":0.6667},{"time":1.1667,"x":229.723,"y":229.723}]},"bone":{"translate":[{"time":1.2},{"time":1.2333,"x":116},{"time":1.2667},{"time":1.3,"x":81.55},{"time":1.3333}]}}},"die":{"slots":{"eyes_closed_l":{"attachment":[{"time":0.0667,"name":"eyes_closed_l"}]},"eyes_closed_l2":{"attachment":[{"time":0.0667,"name":"eyes_closed_l2"}]},"eyes_closed_r":{"attachment":[{"time":0.0667,"name":"eyes_closed_r"}]},"eyes_closed_r2":{"attachment":[{"time":0.0667,"name":"eyes_closed_r2"}]}},"bones":{"than2":{"rotate":[{"angle":2.37,"curve":0.382,"c2":0.57,"c3":0.735},{"time":0.0667,"curve":0.25,"c3":0.75},{"time":0.4,"angle":8.29,"curve":0.25,"c3":0.75},{"time":0.7333,"angle":-8.61,"curve":0.25,"c3":0.75},{"time":1.0667,"angle":8.29,"curve":0.25,"c3":0.75},{"time":1.3333,"angle":-10.85,"curve":0.25,"c3":0.75},{"time":1.4333,"angle":5.38,"curve":0.25,"c3":0.75},{"time":1.5333,"angle":0.83,"curve":0.25,"c3":0.75},{"time":1.7333,"angle":8.35}]},"dau":{"rotate":[{"angle":3.72,"curve":0.351,"c2":0.4,"c3":0.757},{"time":0.1333,"curve":0.25,"c3":0.75},{"time":0.4667,"angle":8.29,"curve":0.25,"c3":0.75},{"time":0.8,"angle":-8.61,"curve":0.25,"c3":0.75},{"time":1.1333,"angle":8.29,"curve":0.25,"c3":0.75},{"time":1.4,"angle":-10.85,"curve":0.25,"c3":0.75},{"time":1.5,"angle":2.22,"curve":0.25,"c3":0.75},{"time":1.6,"angle":-2.33,"curve":0.25,"c3":0.75},{"time":1.8,"angle":5.2}]},"than":{"rotate":[{"curve":0.25,"c3":0.75},{"time":1.3667,"angle":3.34}]},"than3":{"rotate":[{"angle":0.63,"curve":0.375,"c2":0.62,"c3":0.716},{"time":0.0667,"curve":0.25,"c3":0.75},{"time":0.4,"angle":12.15,"curve":0.25,"c3":0.75},{"time":0.7333,"angle":2.47,"curve":0.25,"c3":0.75},{"time":1.0667,"angle":12.15,"curve":0.25,"c3":0.75},{"time":1.3333,"angle":2.47,"curve":0.25,"c3":0.75},{"time":1.5333,"angle":10.31,"curve":0.25,"c3":0.75},{"time":1.7333,"angle":4.86}]},"than4":{"rotate":[{"angle":1.24,"curve":0.382,"c2":0.58,"c3":0.731},{"time":0.1,"curve":0.25,"c3":0.75},{"time":0.4333,"angle":11.46,"curve":0.25,"c3":0.75},{"time":0.7667,"angle":0.56,"curve":0.25,"c3":0.75},{"time":1.1,"angle":11.46,"curve":0.25,"c3":0.75},{"time":1.3667,"angle":0.56,"curve":0.25,"c3":0.75},{"time":1.5667,"angle":10.4,"curve":0.25,"c3":0.75},{"time":1.7667,"angle":5.14}]},"than5":{"rotate":[{"angle":0.42,"curve":0.381,"c2":0.55,"c3":0.742},{"time":0.1333,"curve":0.25,"c3":0.75},{"time":0.4667,"angle":13.16,"curve":0.25,"c3":0.75},{"time":0.8,"angle":-2.52,"curve":0.25,"c3":0.75},{"time":1.1333,"angle":13.16,"curve":0.25,"c3":0.75},{"time":1.4,"angle":-2.52,"curve":0.25,"c3":0.75},{"time":1.6,"angle":5.77,"curve":0.25,"c3":0.75},{"time":1.8,"angle":1.13}]},"than6":{"rotate":[{"angle":-0.88,"curve":0.375,"c2":0.5,"c3":0.75},{"time":0.1667,"curve":0.25,"c3":0.75},{"time":0.5,"angle":11.77,"curve":0.25,"c3":0.75},{"time":0.8333,"angle":-4.68,"curve":0.25,"c3":0.75},{"time":1.1667,"angle":11.77,"curve":0.25,"c3":0.75},{"time":1.4333,"angle":-4.68,"curve":0.25,"c3":0.75},{"time":1.6333,"angle":4.35,"curve":0.25,"c3":0.75},{"time":1.8333,"angle":-1.75}]},"than7":{"rotate":[{"angle":-6.78,"curve":0.363,"c2":0.44,"c3":0.755},{"time":0.2,"curve":0.25,"c3":0.75},{"time":0.5333,"angle":14.43,"curve":0.25,"c3":0.75},{"time":0.8667,"angle":-20.73,"curve":0.25,"c3":0.75},{"time":1.2,"angle":14.43,"curve":0.25,"c3":0.75},{"time":1.4667,"angle":-20.73,"curve":0.25,"c3":0.75},{"time":1.6667,"angle":-1.1,"curve":0.25,"c3":0.75},{"time":1.8667,"angle":-10.72}]},"chan R3":{"rotate":[{"time":1.2667,"curve":0.25,"c3":0.75},{"time":1.3667,"angle":92.89}],"translate":[{"time":1.2667,"curve":0.25,"c3":0.75},{"time":1.3667,"x":589.76,"y":-146.73}]},"chan L3":{"rotate":[{"time":1.2667,"curve":0.25,"c3":0.75},{"time":1.3667,"angle":99.51}],"translate":[{"time":1.2667,"curve":0.25,"c3":0.75},{"time":1.3667,"x":381.38,"y":-171.71}]},"tay L3":{"rotate":[{"time":1.2667,"curve":0.25,"c3":0.75},{"time":1.3667,"angle":-27.67}],"translate":[{"time":1.2667,"curve":0.25,"c3":0.75},{"time":1.3667,"x":-422.17,"y":-45}]},"tay R3":{"rotate":[{"time":1.2667,"curve":0.25,"c3":0.75},{"time":1.3667,"angle":-30.16}],"translate":[{"time":1.2667,"curve":0.25,"c3":0.75},{"time":1.3667,"x":-387.88,"y":6.43}]},"bone4":{"translate":[{"time":0.3333,"curve":0.25,"c3":0.75},{"time":0.6667,"x":-9.13,"y":46.14,"curve":0.25,"c3":0.75},{"time":1},{"time":1.2667,"x":-7.11,"y":39.59}]},"bone3":{"translate":[{"time":1.2667,"curve":0.25,"c3":0.75},{"time":1.3667,"y":-387.41,"curve":0.25,"c3":0.75},{"time":1.4667,"y":-333.39,"curve":0.25,"c3":0.75},{"time":1.5667,"y":-387.41}]},"lower_jaw":{"rotate":[{"curve":0.25,"c3":0.75},{"time":0.3333,"angle":5.43,"curve":0.25,"c3":0.75},{"time":0.6667,"angle":-7.4,"curve":0.25,"c3":0.75},{"time":1,"angle":2.12,"curve":0.25,"c3":0.75},{"time":1.3,"angle":-11.48,"curve":0.25,"c3":0.75},{"time":1.6,"angle":-1.49},{"time":1.8667,"angle":4.79}]}}},"get-hit":{"slots":{"eyes_closed_l":{"attachment":[{"time":0.1,"name":"eyes_closed_l"},{"time":0.4667,"name":null}]},"eyes_closed_l2":{"attachment":[{"time":0.1,"name":"eyes_closed_l2"},{"time":0.4667,"name":null}]},"eyes_closed_r":{"attachment":[{"time":0.1,"name":"eyes_closed_r"},{"time":0.4667,"name":null}]},"eyes_closed_r2":{"attachment":[{"time":0.1,"name":"eyes_closed_r2"},{"time":0.4667,"name":null}]}},"bones":{"than2":{"rotate":[{"curve":0.25,"c3":0.75},{"time":0.1,"angle":-19.13,"curve":0.25,"c3":0.75},{"time":0.4,"angle":19.24,"curve":0.25,"c3":0.75},{"time":0.8667}]},"dau":{"rotate":[{"curve":0.25,"c3":0.75},{"time":0.1,"angle":-19.13,"curve":0.25,"c3":0.75},{"time":0.4,"angle":3.37,"curve":0.25,"c3":0.75},{"time":0.8667}]},"than":{"rotate":[{"curve":0.25,"c3":0.75},{"time":0.1,"angle":-3.13,"curve":0.25,"c3":0.75},{"time":0.8667}]},"than3":{"rotate":[{"angle":-0.26,"curve":0.371,"c2":0.62,"c3":0.71},{"time":0.0333,"curve":0.25,"c3":0.75},{"time":0.1333,"angle":0.75,"curve":0.25,"c3":0.75},{"time":0.4333,"angle":6.82,"curve":0.25,"c3":0.75},{"time":0.7,"angle":-2.66,"curve":0.243,"c3":0.689,"c4":0.75},{"time":0.8667,"angle":-0.26}]},"than4":{"rotate":[{"angle":-0.59,"curve":0.382,"c2":0.57,"c3":0.735},{"time":0.0667,"curve":0.25,"c3":0.75},{"time":0.1667,"angle":-1.12,"curve":0.25,"c3":0.75},{"time":0.4667,"angle":6.57,"curve":0.25,"c3":0.75},{"time":0.7333,"angle":-2.08,"curve":0.243,"c3":0.649,"c4":0.6},{"time":0.8667,"angle":-0.59}]},"than5":{"rotate":[{"angle":-1.43,"curve":0.375,"c2":0.5,"c3":0.75},{"time":0.1,"curve":0.25,"c3":0.75},{"time":0.2,"angle":0.64,"curve":0.25,"c3":0.75},{"time":0.5,"angle":8.98,"curve":0.25,"c3":0.75},{"time":0.7667,"angle":-2.85,"curve":0.25,"c3":0.625,"c4":0.5},{"time":0.8667,"angle":-1.43}]},"than6":{"rotate":[{"angle":-4.85,"curve":0.351,"c2":0.4,"c3":0.757},{"time":0.1333,"curve":0.25,"c3":0.75},{"time":0.2333,"angle":-0.89,"curve":0.25,"c3":0.75},{"time":0.5333,"angle":10.01,"curve":0.25,"c3":0.75},{"time":0.8,"angle":-6.77,"curve":0.265,"c3":0.618,"c4":0.43},{"time":0.8667,"angle":-4.85}]},"than7":{"rotate":[{"angle":-13.28,"curve":0.311,"c2":0.25,"c3":0.757},{"time":0.1667,"curve":0.25,"c3":0.75},{"time":0.2667,"angle":-17.83,"curve":0.25,"c3":0.75},{"time":0.5667,"angle":4.85,"curve":0.25,"c3":0.75},{"time":0.8333,"angle":-14.7,"curve":0.29,"c3":0.629,"c4":0.38},{"time":0.8667,"angle":-13.28}]},"bone3":{"rotate":[{"curve":0.25,"c3":0.75},{"time":0.1,"angle":-6.25,"curve":0.25,"c3":0.75},{"time":0.4,"angle":2.49,"curve":0.25,"c3":0.75},{"time":0.8667}],"translate":[{"curve":0.25,"c3":0.75},{"time":0.1,"y":9.02,"curve":0.25,"c3":0.75},{"time":0.4,"y":-38.48,"curve":0.25,"c3":0.75},{"time":0.8667}]},"tay L3":{"rotate":[{"curve":0.25,"c3":0.75},{"time":0.1,"angle":-47.79,"curve":0.25,"c3":0.75},{"time":0.4}],"translate":[{"curve":0.25,"c3":0.75},{"time":0.1,"x":-332.98,"y":435.93,"curve":0.25,"c3":0.75},{"time":0.4}]},"tay R3":{"rotate":[{"curve":0.25,"c3":0.75},{"time":0.1,"angle":-49.06,"curve":0.25,"c3":0.75},{"time":0.4}],"translate":[{"curve":0.25,"c3":0.75},{"time":0.1,"x":-180.41,"y":557.7,"curve":0.25,"c3":0.75},{"time":0.4}]},"bone":{"translate":[{"time":0.0667,"curve":0.25,"c3":0.75},{"time":0.1,"x":112.94,"curve":0.25,"c3":0.75},{"time":0.1333,"x":-86.19,"curve":0.25,"c3":0.75},{"time":0.1667,"x":49.04,"curve":0.25,"c3":0.75},{"time":0.2}]},"sung R":{"rotate":[{},{"time":0.1,"angle":-4.16}],"translate":[{},{"time":0.1,"x":43.63,"y":1.33}]},"than9":{"rotate":[{},{"time":0.1,"angle":-4.16}]},"sung L":{"rotate":[{},{"time":0.1,"angle":-4.16},{"time":0.4,"angle":14.97}],"translate":[{},{"time":0.1,"x":84.11,"y":-38.13},{"time":0.4,"x":25.56,"y":22.21}]},"than8":{"rotate":[{},{"time":0.1,"angle":-4.16}]},"lower_jaw":{"rotate":[{},{"time":0.1,"angle":-27.07},{"time":0.4,"angle":2.13},{"time":0.8667}]}}},"idle":{"slots":{"eyes_closed_l":{"attachment":[{"time":1,"name":"eyes_closed_l"},{"time":1.1333,"name":null}]},"eyes_closed_l2":{"attachment":[{"time":1,"name":"eyes_closed_l2"},{"time":1.1333,"name":null}]},"eyes_closed_r":{"attachment":[{"time":1,"name":"eyes_closed_r"},{"time":1.1333,"name":null}]},"eyes_closed_r2":{"attachment":[{"time":1,"name":"eyes_closed_r2"},{"time":1.1333,"name":null}]}},"bones":{"bone2":{"translate":[{"y":-3.62,"curve":0.454,"c3":0.548},{"time":1,"y":-68.78,"curve":0.454,"c3":0.548},{"time":2,"y":-3.62}]},"chan L3":{"translate":[{"x":210.69}]},"chan R3":{"translate":[{"x":28.6}]},"tay R3":{"translate":[{"x":74.39}]},"tay L3":{"translate":[{"x":141.47}]},"than":{"rotate":[{"angle":-4.25,"curve":0.25,"c3":0.75},{"time":1,"angle":3.32,"curve":0.25,"c3":0.75},{"time":2,"angle":-4.25}]},"than2":{"rotate":[{"angle":-1.78,"curve":0.25,"c3":0.75},{"time":1,"angle":-9.22,"curve":0.25,"c3":0.75},{"time":2,"angle":-1.78}],"scale":[{"x":1.037,"y":1.037,"curve":0.25,"c3":0.75},{"time":1,"curve":0.25,"c3":0.75},{"time":2,"x":1.037,"y":1.037}]},"than3":{"rotate":[{"angle":-3.94,"curve":0.375,"c2":0.62,"c3":0.716},{"time":0.2,"angle":-5.95,"curve":0.25,"c3":0.75},{"time":1.2,"angle":9.51,"curve":0.243,"c3":0.68,"c4":0.71},{"time":2,"angle":-3.94}]},"than4":{"rotate":[{"angle":-1.3,"curve":0.382,"c2":0.57,"c3":0.735},{"time":0.3333,"angle":-5.32,"curve":0.25,"c3":0.75},{"time":1.3333,"angle":8.83,"curve":0.243,"c3":0.649,"c4":0.6},{"time":2,"angle":-1.3}]},"than5":{"rotate":[{"angle":1.79,"curve":0.378,"c2":0.52,"c3":0.748},{"time":0.4667,"angle":-5.69,"curve":0.25,"c3":0.75},{"time":1.4667,"angle":10.73,"curve":0.248,"c3":0.628,"c4":0.52},{"time":2,"angle":1.79}]},"than6":{"rotate":[{"angle":3.6,"curve":0.363,"c2":0.44,"c3":0.755},{"time":0.6,"angle":-10.25,"curve":0.25,"c3":0.75},{"time":1.6,"angle":11.65,"curve":0.258,"c3":0.619,"c4":0.45},{"time":2,"angle":3.6}]},"than7":{"rotate":[{"angle":8.35,"curve":0.32,"c2":0.29,"c3":0.757},{"time":0.8,"angle":-25.45,"curve":0.25,"c3":0.75},{"time":1.8,"angle":13.4,"curve":0.284,"c3":0.625,"c4":0.38},{"time":2,"angle":8.35}]},"bone4":{"translate":[{"x":-3.5,"y":23.05}]},"lower_jaw":{"rotate":[{"angle":3.34,"curve":0.375,"c2":0.5,"c3":0.75},{"time":0.5},{"time":1.5,"angle":6.69,"curve":0.25,"c3":0.625,"c4":0.5},{"time":2,"angle":3.34}]},"dau":{"rotate":[{"angle":-1.43,"curve":0.375,"c2":0.5,"c3":0.75},{"time":0.5,"curve":0.25,"c3":0.75},{"time":1.5,"angle":-2.87,"curve":0.25,"c3":0.625,"c4":0.5},{"time":2,"angle":-1.43}]}}}}}